manufacturer,model,year,version,power(kW),fuel_date,odometer,trip_distance(km),quantity(kWh),fuel_type,tire_type,city,motor_way,country_roads,driving_style,consumption(kWh/100km),A/C,park_heating,avg_speed(km/h),ecr_deviation,fuel_note
Nissan,Leaf,2017,Black Edition,80,11.10.2022,82034,134.0,10.82,Electricity,Summer tires,1,0,1,Moderate,,0,0,,,
Nissan,Leaf,2017,Black Edition,80,09.10.2022,81900,64.0,17.31,Electricity,Summer tires,1,0,1,Moderate,,0,0,,,
Nissan,Leaf,2017,Black Edition,80,03.10.2022,81836,82.0,17.85,Electricity,Summer tires,1,0,1,Moderate,13.3,0,0,,-1.6999999999999993,bei 98% Laden beendet danach Anzeige 100%
Nissan,Leaf,2017,Black Edition,80,29.09.2022,81754,90.0,10.98,Electricity,Summer tires,1,0,1,Moderate,13.5,0,0,,-1.5,
Nissan,Leaf,2017,Black Edition,80,26.09.2022,81664,85.0,17.69,Electricity,Summer tires,1,0,1,Moderate,13.0,0,0,36.4,-2.0,"Voll, 100%"
Nissan,Leaf,2017,Black Edition,80,25.09.2022,81579,123.0,17.0,Electricity,Summer tires,1,0,1,Moderate,14.7,0,0,,-0.3000000000000007,
Nissan,Leaf,2017,Black Edition,80,21.09.2022,81456,22.0,13.04,Electricity,Summer tires,1,0,1,Moderate,14.7,0,0,,-0.3000000000000007,
Nissan,Leaf,2017,Black Edition,80,21.09.2022,81434,115.0,3.0,Electricity,Summer tires,1,0,1,Moderate,14.7,0,0,,-0.3000000000000007,
Nissan,Leaf,2017,Black Edition,80,20.09.2022,81319,50.0,21.27,Electricity,Summer tires,1,0,1,Moderate,13.0,0,0,,-2.0,
Nissan,Leaf,2017,Black Edition,80,18.09.2022,81245,94.0,11.38,Electricity,Summer tires,1,0,1,Moderate,15.47,0,0,,0.47000000000000064,
Nissan,Leaf,2017,Black Edition,80,17.09.2022,81151,63.0,9.98,Electricity,Summer tires,1,0,1,Moderate,15.47,0,0,,0.47000000000000064,
Nissan,Leaf,2017,Black Edition,80,15.09.2022,81088,84.0,10.79,Electricity,Summer tires,1,0,1,Moderate,15.47,0,0,,0.47000000000000064,
Nissan,Leaf,2017,Black Edition,80,13.09.2022,81004,106.0,17.85,Electricity,Summer tires,1,0,1,Moderate,15.47,0,0,,0.47000000000000064,
Nissan,Leaf,2017,Black Edition,80,09.09.2022,80898,110.0,13.84,Electricity,Summer tires,1,0,1,Moderate,15.47,0,0,,0.47000000000000064,
Nissan,Leaf,2017,Black Edition,80,07.09.2022,80788,50.0,8.02,Electricity,Summer tires,1,0,1,Moderate,15.47,0,0,,0.47000000000000064,
Nissan,Leaf,2017,Black Edition,80,06.09.2022,80738,105.0,15.29,Electricity,Summer tires,1,0,1,Moderate,15.47,0,0,,0.47000000000000064,90%
Nissan,Leaf,2017,Black Edition,80,04.09.2022,80633,56.0,12.17,Electricity,Summer tires,1,0,1,Moderate,15.47,0,0,,0.47000000000000064,
Nissan,Leaf,2017,Black Edition,80,01.09.2022,80577,118.0,8.73,Electricity,Summer tires,1,0,1,Moderate,15.47,0,0,,0.47000000000000064,
Nissan,Leaf,2017,Black Edition,80,30.08.2022,80459,19.0,24.95,Electricity,Summer tires,1,0,1,Moderate,12.9,0,0,,-2.0999999999999996,
Nissan,Leaf,2017,Black Edition,80,30.08.2022,80440,13.0,2.3,Electricity,Summer tires,1,0,1,Moderate,15.04,0,0,,0.03999999999999915,ca eine Stunde mit dem Ladegerät in der Werkstatt autohaus dillmann in beerfelden geladen
Nissan,Leaf,2017,Black Edition,80,30.08.2022,80427,131.0,1.0,Electricity,Summer tires,1,0,1,Moderate,15.04,0,0,,0.03999999999999915,
Nissan,Leaf,2017,Black Edition,80,27.08.2022,80296,46.0,10.0,Electricity,Summer tires,1,0,1,Moderate,15.04,0,0,,0.03999999999999915,meine ca Aktualisierung nach Rechnung
Nissan,Leaf,2017,Black Edition,80,27.08.2022,80250,2.0,6.65,Electricity,Summer tires,1,0,1,Moderate,15.04,0,0,,0.03999999999999915,
Nissan,Leaf,2017,Black Edition,80,27.08.2022,80248,30.0,1.94,Electricity,Summer tires,1,0,1,Moderate,15.04,0,0,,0.03999999999999915,
Nissan,Leaf,2017,Black Edition,80,25.08.2022,80218,99.0,5.75,Electricity,Summer tires,1,0,1,Moderate,15.04,0,0,,0.03999999999999915,
Nissan,Leaf,2017,Black Edition,80,23.08.2022,80119,82.0,18.63,Electricity,Summer tires,1,0,1,Moderate,15.04,0,0,,0.03999999999999915,
Nissan,Leaf,2017,Black Edition,80,21.08.2022,80037,100.0,7.3,Electricity,Summer tires,1,0,1,Moderate,15.04,0,0,,0.03999999999999915,
Nissan,Leaf,2017,Black Edition,80,20.08.2022,79937,104.0,18.04,Electricity,Summer tires,1,0,1,Moderate,14.9,0,0,,-0.09999999999999964,98%
Nissan,Leaf,2017,Black Edition,80,15.08.2022,79833,89.0,11.7,Electricity,Summer tires,1,0,1,Moderate,14.9,0,0,,-0.09999999999999964,"Christina Zuhause 0,11 eur "
Nissan,Leaf,2017,Black Edition,80,13.08.2022,79744,102.0,14.21,Electricity,Summer tires,1,0,1,Moderate,14.9,0,0,,-0.09999999999999964,"Zuhause  0,11 eur/kWh"
Nissan,Leaf,2017,Black Edition,80,10.08.2022,79642,23.0,16.0,Electricity,Summer tires,1,0,1,Moderate,13.9,0,0,45.5,-1.0999999999999996,von 43 auf 100% 
Nissan,Leaf,2017,Black Edition,80,09.08.2022,79619,97.0,5.38,Electricity,Summer tires,1,0,1,Moderate,13.37,0,0,,-1.6300000000000008,
Nissan,Leaf,2017,Black Edition,80,09.08.2022,79592,70.0,5.78,Electricity,Summer tires,1,0,1,Moderate,13.37,0,0,,-1.6300000000000008,"2,5 Stunden geladen "
Nissan,Leaf,2017,Black Edition,80,07.08.2022,79522,79.0,14.8,Electricity,Summer tires,1,0,1,Moderate,13.37,0,0,,-1.6300000000000008,
Nissan,Leaf,2017,Black Edition,80,06.08.2022,79443,62.0,2.3,Electricity,Summer tires,1,0,1,Moderate,13.37,0,0,,-1.6300000000000008,von 60 auf 70% geladen innerhalb einer Stunde 
Nissan,Leaf,2017,Black Edition,80,04.08.2022,79381,96.0,15.0,Electricity,Summer tires,1,0,1,Moderate,15.63,0,0,48.8,0.6300000000000008,von 48 bis 100%
Nissan,Leaf,2017,Black Edition,80,03.08.2022,79285,63.0,14.0,Electricity,Summer tires,1,0,1,Moderate,22.22,0,0,,7.219999999999999,"8,5 Stunden von 55 auf 100%"
Nissan,Leaf,2017,Black Edition,80,02.08.2022,79222,62.0,10.3,Electricity,Summer tires,1,0,1,Moderate,16.61,0,0,,1.6099999999999994,"4,5 Stunden in der Schule geladen "
Nissan,Leaf,2017,Black Edition,80,01.08.2022,79160,357.0,20.7,Electricity,Summer tires,1,0,1,Moderate,12.9,0,0,46.2,-2.0999999999999996,9 Stunden mit 2.3 kWh
Nissan,Leaf,2017,Black Edition,80,24.07.2022,78803,30.0,14.32,Electricity,Summer tires,1,0,1,Moderate,15.1,0,0,,0.09999999999999964,
Nissan,Leaf,2017,Black Edition,80,23.07.2022,78773,85.0,9.2,Electricity,Summer tires,1,0,1,Moderate,20.45,0,0,,5.449999999999999,
Nissan,Leaf,2017,Black Edition,80,22.07.2022,78688,40.0,11.0,Electricity,Summer tires,1,0,1,Moderate,13.33,0,0,,-1.67,100% 191 km Reichweite
Nissan,Leaf,2017,Black Edition,80,20.07.2022,78648,64.0,5.7,Electricity,Summer tires,1,0,1,Moderate,13.33,0,0,,-1.67,
Nissan,Leaf,2017,Black Edition,80,19.07.2022,78584,100.0,10.49,Electricity,Summer tires,1,0,1,Moderate,13.33,0,0,,-1.67,
Nissan,Leaf,2017,Black Edition,80,17.07.2022,78484,48.0,22.87,Electricity,Summer tires,1,0,1,Moderate,13.3,0,0,,-1.6999999999999993,98% nach abmachen doch 100%
Nissan,Leaf,2017,Black Edition,80,17.07.2022,78436,115.0,6.13,Electricity,Summer tires,1,0,1,Moderate,15.85,0,0,,0.8499999999999996,Nachfragen nach Rechnung mit ADAC Karte an der intega-säulenmesse
Nissan,Leaf,2017,Black Edition,80,15.07.2022,78321,48.0,8.38,Electricity,Summer tires,1,0,1,Moderate,15.85,0,0,,0.8499999999999996,
Nissan,Leaf,2017,Black Edition,80,14.07.2022,78273,13.0,17.17,Electricity,Summer tires,1,0,1,Moderate,15.85,0,0,,0.8499999999999996,
Nissan,Leaf,2017,Black Edition,80,13.07.2022,78260,100.0,9.13,Electricity,Summer tires,1,0,1,Moderate,15.85,0,0,,0.8499999999999996,
Nissan,Leaf,2017,Black Edition,80,12.07.2022,78160,93.0,8.23,Electricity,Summer tires,1,0,1,Moderate,15.85,0,0,,0.8499999999999996,3 Ladungen Zusammengefasst.
Nissan,Leaf,2017,Black Edition,80,09.07.2022,78067,107.0,12.74,Electricity,Summer tires,1,0,1,Moderate,15.85,0,0,,0.8499999999999996,
Nissan,Leaf,2017,Black Edition,80,07.07.2022,77960,31.0,4.02,Electricity,Summer tires,1,0,1,Moderate,15.85,0,0,,0.8499999999999996,82%
Nissan,Leaf,2017,Black Edition,80,07.07.2022,77929,50.0,8.14,Electricity,Summer tires,1,0,1,Moderate,15.85,0,0,,0.8499999999999996,
Nissan,Leaf,2017,Black Edition,80,06.07.2022,77879,54.0,9.2,Electricity,Summer tires,1,0,1,Moderate,15.85,0,0,,0.8499999999999996,
Nissan,Leaf,2017,Black Edition,80,05.07.2022,77825,79.0,7.96,Electricity,Summer tires,1,0,1,Moderate,15.85,0,0,,0.8499999999999996,
Nissan,Leaf,2017,Black Edition,80,04.07.2022,77746,24.0,6.5,Electricity,Summer tires,1,0,1,Moderate,15.85,0,0,,0.8499999999999996,
Nissan,Leaf,2017,Black Edition,80,03.07.2022,77722,61.0,9.95,Electricity,Summer tires,1,0,1,Moderate,15.85,0,0,,0.8499999999999996,
Nissan,Leaf,2017,Black Edition,80,02.07.2022,77661,120.0,18.04,Electricity,Summer tires,1,0,1,Moderate,14.97,0,0,,-0.02999999999999936,
Nissan,Leaf,2017,Black Edition,80,28.06.2022,77541,2.0,14.91,Electricity,Summer tires,1,0,1,Moderate,14.97,0,0,,-0.02999999999999936,
Nissan,Leaf,2017,Black Edition,80,28.06.2022,77539,117.0,3.62,Electricity,Summer tires,1,0,1,Moderate,14.97,0,0,,-0.02999999999999936,
Nissan,Leaf,2017,Black Edition,80,23.06.2022,77422,53.0,13.36,Electricity,Summer tires,1,0,1,Moderate,14.97,0,0,,-0.02999999999999936,92 Prozent
Nissan,Leaf,2017,Black Edition,80,22.06.2022,77369,97.0,14.81,Electricity,Summer tires,1,0,1,Moderate,14.97,0,0,,-0.02999999999999936,
Nissan,Leaf,2017,Black Edition,80,20.06.2022,77272,52.0,7.67,Electricity,Summer tires,1,0,1,Moderate,14.97,0,0,,-0.02999999999999936,
Nissan,Leaf,2017,Black Edition,80,19.06.2022,77220,104.0,9.19,Electricity,Summer tires,1,0,1,Moderate,14.97,0,0,,-0.02999999999999936,
Nissan,Leaf,2017,Black Edition,80,19.06.2022,77136,116.0,14.86,Electricity,Summer tires,1,1,1,Moderate,13.75,0,0,,-1.25,Laden in der Nähe von Heilbronn Rechnung kommt ja noch
Nissan,Leaf,2017,Black Edition,80,18.06.2022,77020,103.0,17.9,Electricity,Summer tires,1,1,1,Moderate,13.75,0,0,,-1.25,die Rechnung kommt ja dann kann ich alles eintragen selbst km Stand geschätzt
Nissan,Leaf,2017,Black Edition,80,18.06.2022,76923,41.0,3.0,Electricity,Summer tires,1,1,1,Moderate,13.75,0,0,,-1.25,
Nissan,Leaf,2017,Black Edition,80,17.06.2022,76882,115.0,23.09,Electricity,Summer tires,1,1,1,Moderate,20.08,0,0,,5.079999999999998,ADAC Karte von TIMO genutzt.
Nissan,Leaf,2017,Black Edition,80,16.06.2022,76767,117.0,18.6,Electricity,Summer tires,1,1,1,Moderate,15.9,0,0,,0.9000000000000004,Ecotap Karte genutzt
Nissan,Leaf,2017,Black Edition,80,15.06.2022,76650,140.0,20.0,Electricity,Summer tires,1,1,1,Moderate,13.61,0,0,,-1.3900000000000006,Alles geschätzt.
Nissan,Leaf,2017,Black Edition,80,15.06.2022,76510,100.0,11.5,Electricity,Summer tires,1,1,1,Moderate,13.61,0,0,,-1.3900000000000006,
Nissan,Leaf,2017,Black Edition,80,14.06.2022,76410,65.0,10.0,Electricity,Summer tires,1,0,1,Moderate,13.61,0,0,,-1.3900000000000006,"zu Hause an der Garage geladen mit 6 Ampere einphasig 7,5 Stunden"
Nissan,Leaf,2017,Black Edition,80,09.06.2022,76345,52.0,20.07,Electricity,Summer tires,1,0,1,Moderate,13.3,0,0,31.8,-1.6999999999999993,
Nissan,Leaf,2017,Black Edition,80,08.06.2022,76293,44.0,1.0,Electricity,Summer tires,1,0,1,Moderate,17.16,0,0,,2.16,
Nissan,Leaf,2017,Black Edition,80,05.06.2022,76249,87.0,20.0,Electricity,Summer tires,1,0,1,Moderate,17.16,0,0,,2.16,Laden von 20% bis 83% geschätzt ca 20 kilowattstunden ladesäule bei 83% ausgefallen
Nissan,Leaf,2017,Black Edition,80,02.06.2022,76162,62.0,14.17,Electricity,Summer tires,1,0,1,Moderate,17.16,0,0,,2.16,82 Prozent
Nissan,Leaf,2017,Black Edition,80,31.05.2022,76100,80.0,5.87,Electricity,Summer tires,1,0,1,Moderate,17.16,0,0,,2.16,
Nissan,Leaf,2017,Black Edition,80,30.05.2022,76020,20.0,8.69,Electricity,Summer tires,1,0,1,Moderate,17.16,0,0,,2.16,
Nissan,Leaf,2017,Black Edition,80,28.05.2022,76000,69.0,9.72,Electricity,Summer tires,1,0,1,Moderate,17.16,0,0,,2.16,
Nissan,Leaf,2017,Black Edition,80,26.05.2022,75931,138.0,15.22,Electricity,Summer tires,1,0,1,Moderate,17.16,0,0,,2.16,
Nissan,Leaf,2017,Black Edition,80,24.05.2022,75793,138.0,16.4,Electricity,Summer tires,1,0,1,Moderate,15.14,0,0,,0.14000000000000057,94%
Nissan,Leaf,2017,Black Edition,80,22.05.2022,75655,5.0,4.35,Electricity,Summer tires,1,0,1,Moderate,15.14,0,0,,0.14000000000000057,
Nissan,Leaf,2017,Black Edition,80,21.05.2022,75650,50.0,13.53,Electricity,Summer tires,1,0,1,Moderate,15.14,0,0,,0.14000000000000057,Kilometerstand geschätzt.
Nissan,Leaf,2017,Black Edition,80,19.05.2022,75600,38.0,3.0,Electricity,Summer tires,1,0,1,Moderate,15.14,0,0,,0.14000000000000057,"Von 60% bis 80% ca 1,5 Std geladen,  Kilometerstand geschätzt."
Nissan,Leaf,2017,Black Edition,80,18.05.2022,75562,140.0,18.88,Electricity,Summer tires,1,0,1,Moderate,15.14,0,0,,0.14000000000000057,93%
Nissan,Leaf,2017,Black Edition,80,16.05.2022,75422,238.0,19.11,Electricity,Summer tires,1,0,1,Moderate,14.2,0,0,,-0.8000000000000007,voll Reichweite 182 km
Nissan,Leaf,2017,Black Edition,80,13.05.2022,75184,134.0,13.63,Electricity,Summer tires,1,0,1,Moderate,17.87,0,0,,2.870000000000001,Voll +1 Stunde. Reichweite 179 km
Nissan,Leaf,2017,Black Edition,80,10.05.2022,75050,50.0,6.61,Electricity,Summer tires,1,0,1,Moderate,17.87,0,0,,2.870000000000001,
Nissan,Leaf,2017,Black Edition,80,10.05.2022,75000,1.0,2.7,Electricity,Summer tires,1,0,1,Moderate,17.87,0,0,,2.870000000000001,Kilometerstand geschätzt
Nissan,Leaf,2017,Black Edition,80,09.05.2022,74999,11.0,15.0,Electricity,Summer tires,1,0,1,Moderate,17.87,0,0,,2.870000000000001,alles geschätzt
Nissan,Leaf,2017,Black Edition,80,07.05.2022,74988,1.0,5.11,Electricity,Summer tires,1,0,1,Moderate,17.87,0,0,,2.870000000000001,
Nissan,Leaf,2017,Black Edition,80,07.05.2022,74987,127.0,13.1,Electricity,Winter tires,1,0,1,Moderate,17.87,0,0,,2.870000000000001,
Nissan,Leaf,2017,Black Edition,80,05.05.2022,74860,29.0,5.75,Electricity,Winter tires,1,0,1,Moderate,17.87,0,0,,2.870000000000001,
Nissan,Leaf,2017,Black Edition,80,05.05.2022,74831,2.0,1.51,Electricity,Winter tires,1,0,1,Moderate,17.87,0,0,,2.870000000000001,10% aus der Hausbatterie
Nissan,Leaf,2017,Black Edition,80,04.05.2022,74829,6.0,6.61,Electricity,Winter tires,1,0,1,Moderate,17.87,0,0,,2.870000000000001,
Nissan,Leaf,2017,Black Edition,80,04.05.2022,74823,77.0,9.35,Electricity,Winter tires,1,0,1,Moderate,17.87,0,0,,2.870000000000001,
Nissan,Leaf,2017,Black Edition,80,02.05.2022,74746,68.0,13.8,Electricity,Winter tires,1,0,1,Moderate,17.87,0,0,,2.870000000000001,10 Uhr bis 16 Uhr
Nissan,Leaf,2017,Black Edition,80,30.04.2022,74678,98.0,16.6,Electricity,Winter tires,1,0,1,Moderate,17.87,0,0,,2.870000000000001,
Nissan,Leaf,2017,Black Edition,80,29.04.2022,74580,27.0,8.3,Electricity,Winter tires,1,0,1,Moderate,17.87,0,0,,2.870000000000001,km Stand geschätzt
Nissan,Leaf,2017,Black Edition,80,29.04.2022,74553,13.0,8.27,Electricity,Winter tires,1,0,1,Moderate,17.87,0,0,,2.870000000000001,
Nissan,Leaf,2017,Black Edition,80,28.04.2022,74540,53.0,8.27,Electricity,Winter tires,1,0,1,Moderate,17.87,0,0,,2.870000000000001,
Nissan,Leaf,2017,Black Edition,80,27.04.2022,74487,57.0,5.35,Electricity,Winter tires,1,0,1,Moderate,17.87,0,0,,2.870000000000001,
Nissan,Leaf,2017,Black Edition,80,26.04.2022,74430,71.0,10.75,Electricity,Winter tires,1,0,1,Moderate,17.87,0,1,,2.870000000000001,
Nissan,Leaf,2017,Black Edition,80,24.04.2022,74359,133.0,9.54,Electricity,Winter tires,1,0,1,Moderate,17.87,0,1,,2.870000000000001,
Nissan,Leaf,2017,Black Edition,80,19.04.2022,74226,60.0,21.62,Electricity,Winter tires,1,0,1,Moderate,17.87,0,1,,2.870000000000001,Km Stand geschätzt
Nissan,Leaf,2017,Black Edition,80,15.04.2022,74166,199.0,17.0,Electricity,Winter tires,1,1,1,Moderate,15.0,0,1,,0.0,100 %
Nissan,Leaf,2017,Black Edition,80,14.04.2022,73967,116.0,14.43,Electricity,Winter tires,1,1,1,Moderate,13.72,0,1,,-1.2799999999999994,Chademo
Nissan,Leaf,2017,Black Edition,80,14.04.2022,73851,43.0,11.5,Electricity,Winter tires,1,0,1,Moderate,13.72,0,1,,-1.2799999999999994,"5 Stunden steckerladegerät x 2,3 kW"
Nissan,Leaf,2017,Black Edition,80,12.04.2022,73808,99.0,20.47,Electricity,Winter tires,1,0,1,Moderate,13.72,0,1,,-1.2799999999999994,
Nissan,Leaf,2017,Black Edition,80,10.04.2022,73709,11.0,5.94,Electricity,Winter tires,1,0,1,Moderate,13.72,0,1,,-1.2799999999999994,
Nissan,Leaf,2017,Black Edition,80,09.04.2022,73698,67.0,4.06,Electricity,Winter tires,1,0,1,Moderate,13.72,0,1,,-1.2799999999999994,
Nissan,Leaf,2017,Black Edition,80,06.04.2022,73631,172.0,24.09,Electricity,Winter tires,1,0,1,Moderate,15.5,0,1,36.8,0.5,
Nissan,Leaf,2017,Black Edition,80,03.04.2022,73459,30.0,11.77,Electricity,Winter tires,1,0,1,Moderate,16.2,0,1,33.1,1.1999999999999993,Voll
Nissan,Leaf,2017,Black Edition,80,02.04.2022,73429,7.0,3.31,Electricity,Winter tires,1,0,1,Moderate,20.8,0,1,,5.800000000000001,
Nissan,Leaf,2017,Black Edition,80,31.03.2022,73422,88.0,16.46,Electricity,Winter tires,1,0,1,Moderate,20.8,0,1,,5.800000000000001,
Nissan,Leaf,2017,Black Edition,80,29.03.2022,73334,89.0,12.97,Electricity,Winter tires,1,0,1,Moderate,20.8,0,1,,5.800000000000001,
Nissan,Leaf,2017,Black Edition,80,27.03.2022,73245,108.0,14.38,Electricity,Winter tires,1,0,1,Moderate,13.31,0,1,,-1.6899999999999995,
Nissan,Leaf,2017,Black Edition,80,23.03.2022,73137,99.0,21.77,Electricity,Winter tires,1,0,1,Moderate,15.46,0,1,,0.46000000000000085,
Nissan,Leaf,2017,Black Edition,80,21.03.2022,73038,138.0,11.16,Electricity,Winter tires,1,0,1,Moderate,15.46,0,1,,0.46000000000000085,
Nissan,Leaf,2017,Black Edition,80,19.03.2022,72900,7.0,7.04,Electricity,Winter tires,1,0,1,Moderate,15.46,0,1,,0.46000000000000085,
Nissan,Leaf,2017,Black Edition,80,16.03.2022,72893,63.0,7.48,Electricity,Winter tires,1,0,1,Moderate,15.46,0,1,,0.46000000000000085,
Nissan,Leaf,2017,Black Edition,80,15.03.2022,72830,49.0,13.69,Electricity,Winter tires,1,0,1,Moderate,16.4,0,1,,1.3999999999999986,
Nissan,Leaf,2017,Black Edition,80,14.03.2022,72781,128.0,11.8,Electricity,Winter tires,1,0,1,Moderate,15.85,0,1,,0.8499999999999996,erbach
Nissan,Leaf,2017,Black Edition,80,10.03.2022,72653,42.0,12.9,Electricity,Winter tires,1,0,1,Moderate,15.85,0,1,,0.8499999999999996,
Nissan,Leaf,2017,Black Edition,80,09.03.2022,72611,74.0,6.98,Electricity,Winter tires,1,0,1,Moderate,15.85,0,1,,0.8499999999999996,
Nissan,Leaf,2017,Black Edition,80,08.03.2022,72537,53.0,13.77,Electricity,Winter tires,1,0,1,Moderate,15.85,0,1,,0.8499999999999996,
Nissan,Leaf,2017,Black Edition,80,07.03.2022,72484,111.0,12.38,Electricity,Winter tires,1,0,1,Moderate,15.85,0,1,,0.8499999999999996,
Nissan,Leaf,2017,Black Edition,80,03.03.2022,72373,55.0,11.31,Electricity,Winter tires,1,0,1,Moderate,15.85,0,1,,0.8499999999999996,
Nissan,Leaf,2017,Black Edition,80,02.03.2022,72318,118.0,14.12,Electricity,Winter tires,1,0,1,Moderate,15.85,0,1,,0.8499999999999996,
Nissan,Leaf,2017,Black Edition,80,28.02.2022,72200,11.0,4.64,Electricity,Winter tires,1,0,1,Moderate,15.85,0,1,,0.8499999999999996,
Nissan,Leaf,2017,Black Edition,80,24.02.2022,72189,124.0,19.4,Electricity,Winter tires,1,0,1,Moderate,16.4,0,1,,1.3999999999999986,voll. 98% vor dem abkuppeln 100% danach
Nissan,Leaf,2017,Black Edition,80,22.02.2022,72065,57.0,18.55,Electricity,Winter tires,1,0,1,Moderate,14.92,0,1,,-0.08000000000000007,
Nissan,Leaf,2017,Black Edition,80,21.02.2022,72018,4.0,2.34,Electricity,Winter tires,1,0,1,Moderate,14.92,0,1,,-0.08000000000000007,
Nissan,Leaf,2017,Black Edition,80,21.02.2022,72014,47.0,5.0,Electricity,Winter tires,1,0,1,Moderate,14.92,0,1,,-0.08000000000000007,
Nissan,Leaf,2017,Black Edition,80,19.02.2022,71967,113.0,9.97,Electricity,Winter tires,1,0,1,Moderate,14.92,0,1,,-0.08000000000000007,40% auf 84%
Nissan,Leaf,2017,Black Edition,80,16.02.2022,71854,115.0,13.37,Electricity,Winter tires,1,0,1,Moderate,14.92,0,1,,-0.08000000000000007,
Nissan,Leaf,2017,Black Edition,80,14.02.2022,71739,57.0,16.61,Electricity,Winter tires,1,0,1,Moderate,17.2,0,1,,2.1999999999999993,98% nach dem abziehen des ladekabels 100%
Nissan,Leaf,2017,Black Edition,80,11.02.2022,71682,39.0,12.95,Electricity,Winter tires,1,0,1,Moderate,22.66,0,1,,7.66,94%
Nissan,Leaf,2017,Black Edition,80,10.02.2022,71643,48.0,8.49,Electricity,Winter tires,1,0,1,Moderate,22.66,0,1,,7.66,
Nissan,Leaf,2017,Black Edition,80,09.02.2022,71595,49.0,5.68,Electricity,Winter tires,1,0,1,Moderate,22.66,0,1,,7.66,
Nissan,Leaf,2017,Black Edition,80,08.02.2022,71546,49.0,15.8,Electricity,Winter tires,1,0,1,Moderate,17.7,0,1,35.7,2.6999999999999993,99 %
Nissan,Leaf,2017,Black Edition,80,07.02.2022,71497,81.0,16.33,Electricity,Winter tires,1,0,1,Moderate,21.43,0,1,,6.43,89 Prozent 
Nissan,Leaf,2017,Black Edition,80,05.02.2022,71416,93.0,15.65,Electricity,Winter tires,1,0,1,Moderate,21.43,0,1,,6.43,
Nissan,Leaf,2017,Black Edition,80,03.02.2022,71323,43.0,18.35,Electricity,Winter tires,1,0,1,Moderate,17.7,0,1,,2.6999999999999993,"zeig kurz vor Ende der Ladung 98% an, sind mach Kabel abziehen 100%  Reichweite 164 km"
Nissan,Leaf,2017,Black Edition,80,02.02.2022,71280,67.0,11.54,Electricity,Winter tires,1,0,1,Moderate,23.63,0,1,,8.629999999999999,
Nissan,Leaf,2017,Black Edition,80,01.02.2022,71213,47.0,7.21,Electricity,Winter tires,1,0,1,Moderate,23.63,0,1,,8.629999999999999,
Nissan,Leaf,2017,Black Edition,80,31.01.2022,71166,89.0,19.44,Electricity,Winter tires,1,0,1,Moderate,18.7,0,1,,3.6999999999999993,Reichweite 149 km bei 100% nur 98% vorm abstöpseln bei 5 Grad außentemperatur
Nissan,Leaf,2017,Black Edition,80,30.01.2022,71077,6.0,14.99,Electricity,Winter tires,1,0,1,Moderate,25.95,0,1,,10.95,Angezeigt reichweite bei 100 % 176 km
Nissan,Leaf,2017,Black Edition,80,28.01.2022,71071,63.0,10.13,Electricity,Winter tires,1,0,1,Moderate,25.95,0,1,,10.95,
Nissan,Leaf,2017,Black Edition,80,27.01.2022,71008,54.0,13.51,Electricity,Winter tires,1,0,1,Moderate,25.95,0,1,,10.95,
Nissan,Leaf,2017,Black Edition,80,26.01.2022,70954,61.0,15.71,Electricity,Winter tires,1,0,1,Moderate,25.95,0,1,,10.95,
Nissan,Leaf,2017,Black Edition,80,25.01.2022,70893,64.0,10.02,Electricity,Winter tires,1,0,1,Moderate,25.95,0,1,,10.95,
Nissan,Leaf,2017,Black Edition,80,24.01.2022,70829,47.0,17.89,Electricity,Winter tires,1,0,1,Moderate,23.76,0,1,,8.760000000000002,98%
Nissan,Leaf,2017,Black Edition,80,22.01.2022,70782,53.0,13.69,Electricity,Winter tires,1,0,1,Moderate,23.76,0,1,,8.760000000000002,
Nissan,Leaf,2017,Black Edition,80,20.01.2022,70729,80.0,9.38,Electricity,Winter tires,1,0,1,Moderate,23.76,0,1,,8.760000000000002,
Nissan,Leaf,2017,Black Edition,80,19.01.2022,70649,24.0,18.11,Electricity,Winter tires,1,0,1,Moderate,23.76,0,1,,8.760000000000002,
Nissan,Leaf,2017,Black Edition,80,18.01.2022,70625,66.0,6.42,Electricity,Winter tires,1,0,1,Moderate,23.76,0,1,,8.760000000000002,
Nissan,Leaf,2017,Black Edition,80,17.01.2022,70559,54.0,14.98,Electricity,Winter tires,1,0,1,Moderate,23.76,0,1,,8.760000000000002,
Nissan,Leaf,2017,Black Edition,80,15.01.2022,70505,57.0,10.06,Electricity,Winter tires,1,0,1,Moderate,23.76,0,1,,8.760000000000002,
Nissan,Leaf,2017,Black Edition,80,13.01.2022,70448,53.0,18.76,Electricity,Winter tires,1,0,1,Moderate,19.5,0,1,,4.5,
Nissan,Leaf,2017,Black Edition,80,12.01.2022,70395,72.0,11.15,Electricity,Winter tires,1,0,1,Moderate,23.93,0,1,,8.93,
Nissan,Leaf,2017,Black Edition,80,11.01.2022,70323,42.0,19.38,Electricity,Winter tires,1,0,1,Moderate,14.6,0,1,,-0.40000000000000036,voll
Nissan,Leaf,2017,Black Edition,80,10.01.2022,70281,67.0,11.04,Electricity,Winter tires,1,0,1,Moderate,22.36,0,1,,7.359999999999999,
Nissan,Leaf,2017,Black Edition,80,09.01.2022,70214,91.0,19.14,Electricity,Winter tires,1,0,1,Moderate,22.36,0,1,,7.359999999999999,
Nissan,Leaf,2017,Black Edition,80,07.01.2022,70123,11.0,5.6,Electricity,Winter tires,1,0,1,Moderate,22.36,0,1,,7.359999999999999,
Nissan,Leaf,2017,Black Edition,80,05.01.2022,70112,91.0,14.33,Electricity,Winter tires,1,0,1,Moderate,22.36,0,1,,7.359999999999999,
Nissan,Leaf,2017,Black Edition,80,05.01.2022,70021,3.0,5.79,Electricity,Winter tires,1,0,1,Moderate,22.36,0,1,,7.359999999999999,
Nissan,Leaf,2017,Black Edition,80,01.01.2022,70018,99.0,15.29,Electricity,Winter tires,1,0,1,Moderate,22.36,0,1,,7.359999999999999,
Nissan,Leaf,2017,Black Edition,80,30.12.2021,69919,44.0,15.23,Electricity,Winter tires,1,0,1,Moderate,22.36,0,1,,7.359999999999999,
Nissan,Leaf,2017,Black Edition,80,27.12.2021,69875,2.0,13.95,Electricity,Winter tires,1,0,1,Moderate,22.36,0,1,,7.359999999999999,
Nissan,Leaf,2017,Black Edition,80,27.12.2021,69873,99.0,3.0,Electricity,Winter tires,1,0,1,Moderate,22.36,0,1,,7.359999999999999,
Nissan,Leaf,2017,Black Edition,80,25.12.2021,69774,20.0,18.65,Electricity,Winter tires,1,0,1,Moderate,17.4,0,1,32.5,2.3999999999999986,
Nissan,Leaf,2017,Black Edition,80,25.12.2021,69754,85.0,2.17,Electricity,Winter tires,1,0,1,Moderate,19.83,0,1,,4.829999999999998,
Nissan,Leaf,2017,Black Edition,80,24.12.2021,69669,27.0,11.56,Electricity,Winter tires,1,0,1,Moderate,17.58,0,1,,2.5799999999999983,
Nissan,Leaf,2017,Black Edition,80,23.12.2021,69642,67.0,15.89,Electricity,Winter tires,1,0,1,Moderate,17.58,0,1,,2.5799999999999983,
Nissan,Leaf,2017,Black Edition,80,22.12.2021,69575,61.0,2.83,Electricity,Winter tires,1,0,1,Moderate,17.58,0,1,,2.5799999999999983,
Nissan,Leaf,2017,Black Edition,80,21.12.2021,69514,83.0,10.79,Electricity,Winter tires,1,0,1,Moderate,17.58,0,1,,2.5799999999999983,
Nissan,Leaf,2017,Black Edition,80,18.12.2021,69431,148.0,20.0,Electricity,Winter tires,1,0,1,Moderate,17.58,0,1,,2.5799999999999983,
Nissan,Leaf,2017,Black Edition,80,16.12.2021,69283,65.0,9.0,Electricity,Winter tires,1,0,1,Moderate,17.58,0,1,,2.5799999999999983,
Nissan,Leaf,2017,Black Edition,80,15.12.2021,69218,58.0,10.9,Electricity,Winter tires,1,0,1,Moderate,17.58,0,1,,2.5799999999999983,
Nissan,Leaf,2017,Black Edition,80,14.12.2021,69160,65.0,18.55,Electricity,Winter tires,1,0,1,Moderate,14.4,0,1,36.0,-0.5999999999999996,
Nissan,Leaf,2017,Black Edition,80,13.12.2021,69095,72.0,14.32,Electricity,Winter tires,1,0,1,Moderate,21.42,0,1,,6.420000000000002,
Nissan,Leaf,2017,Black Edition,80,11.12.2021,69023,54.0,18.08,Electricity,Winter tires,1,0,1,Moderate,21.42,0,1,,6.420000000000002,
Nissan,Leaf,2017,Black Edition,80,11.12.2021,68969,89.0,7.0,Electricity,Winter tires,1,0,1,Moderate,21.42,0,1,,6.420000000000002,
Nissan,Leaf,2017,Black Edition,80,10.12.2021,68880,46.0,17.87,Electricity,Winter tires,1,0,1,Moderate,21.42,0,1,,6.420000000000002,90%
Nissan,Leaf,2017,Black Edition,80,09.12.2021,68834,46.0,9.3,Electricity,Winter tires,1,0,1,Moderate,21.42,0,1,,6.420000000000002,
Nissan,Leaf,2017,Black Edition,80,08.12.2021,68788,59.0,4.44,Electricity,Winter tires,1,0,1,Moderate,21.42,0,1,,6.420000000000002,
Nissan,Leaf,2017,Black Edition,80,07.12.2021,68729,89.0,25.06,Electricity,Winter tires,1,0,1,Moderate,21.1,0,1,,6.100000000000001,
Nissan,Leaf,2017,Black Edition,80,05.12.2021,68640,62.0,14.19,Electricity,Winter tires,1,0,1,Moderate,21.1,0,1,,6.100000000000001,
Nissan,Leaf,2017,Black Edition,80,02.12.2021,68578,2.0,14.24,Electricity,Winter tires,1,0,1,Moderate,21.1,0,1,,6.100000000000001,
Nissan,Leaf,2017,Black Edition,80,02.12.2021,68576,54.0,1.02,Electricity,Winter tires,1,0,1,Moderate,21.1,0,1,,6.100000000000001,
Nissan,Leaf,2017,Black Edition,80,01.12.2021,68522,68.0,3.52,Electricity,Winter tires,1,0,1,Moderate,21.1,0,1,,6.100000000000001,
Nissan,Leaf,2017,Black Edition,80,30.11.2021,68454,45.0,21.78,Electricity,Winter tires,1,0,1,Moderate,18.83,0,1,,3.8299999999999983,
Nissan,Leaf,2017,Black Edition,80,29.11.2021,68409,182.0,7.41,Electricity,Winter tires,1,0,1,Moderate,18.83,0,1,,3.8299999999999983,
Nissan,Leaf,2017,Black Edition,80,25.11.2021,68227,2.0,16.19,Electricity,Winter tires,1,0,1,Moderate,18.83,0,1,,3.8299999999999983,
Nissan,Leaf,2017,Black Edition,80,24.11.2021,68225,13.0,5.98,Electricity,Winter tires,1,0,1,Moderate,18.83,0,1,,3.8299999999999983,
Nissan,Leaf,2017,Black Edition,80,24.11.2021,68212,104.0,13.79,Electricity,Winter tires,1,0,1,Moderate,18.83,0,1,,3.8299999999999983,
Nissan,Leaf,2017,Black Edition,80,22.11.2021,68108,58.0,19.18,Electricity,Winter tires,1,0,1,Moderate,33.07,0,1,,18.07,
Nissan,Leaf,2017,Black Edition,80,21.11.2021,68050,9.0,11.04,Electricity,Summer tires,1,0,1,Moderate,39.25,0,0,,24.25,97%
Nissan,Leaf,2017,Black Edition,80,20.11.2021,68041,51.0,12.51,Electricity,Summer tires,1,0,1,Moderate,39.25,0,0,,24.25,
Nissan,Leaf,2017,Black Edition,80,17.11.2021,67990,113.0,11.56,Electricity,Summer tires,1,0,1,Moderate,10.23,0,0,,-4.77,97%
Nissan,Leaf,2017,Black Edition,80,16.11.2021,67877,225.0,11.99,Electricity,Summer tires,1,0,1,Moderate,6.43,0,0,,-8.57,versehentlich Voll
Nissan,Leaf,2017,Black Edition,80,09.11.2021,67652,42.0,11.37,Electricity,Summer tires,1,0,1,Moderate,13.6,0,0,,-1.4000000000000004,
Nissan,Leaf,2017,Black Edition,80,08.11.2021,67610,54.0,19.21,Electricity,Summer tires,1,0,1,Moderate,13.6,0,0,,-1.4000000000000004,
Nissan,Leaf,2017,Black Edition,80,06.11.2021,67556,127.0,1.23,Electricity,Summer tires,1,0,1,Moderate,13.6,0,0,,-1.4000000000000004,
Nissan,Leaf,2017,Black Edition,80,03.11.2021,67429,120.0,15.8,Electricity,Summer tires,1,0,1,Moderate,13.6,0,0,,-1.4000000000000004,
Nissan,Leaf,2017,Black Edition,80,01.11.2021,67309,44.0,9.21,Electricity,Summer tires,1,0,1,Moderate,13.6,0,0,,-1.4000000000000004,
Nissan,Leaf,2017,Black Edition,80,31.10.2021,67265,156.0,8.55,Electricity,Summer tires,1,0,1,Moderate,13.6,0,0,,-1.4000000000000004,
Nissan,Leaf,2017,Black Edition,80,26.10.2021,67109,567.0,11.5,Electricity,Summer tires,1,0,1,Moderate,13.6,0,0,,-1.4000000000000004,
Nissan,Leaf,2017,Black Edition,80,05.10.2021,66542,244.0,11.47,Electricity,Summer tires,1,0,1,Moderate,13.6,0,0,,-1.4000000000000004,
Nissan,Leaf,2017,Black Edition,80,01.10.2021,66298,585.0,18.6,Electricity,Summer tires,1,0,1,Moderate,13.63,0,0,,-1.3699999999999992,98% nach dem abkuppeln 100 % reichweite 165 km 
Nissan,Leaf,2017,Black Edition,80,15.09.2021,65713,794.0,8.58,Electricity,Summer tires,1,0,1,Moderate,13.63,0,0,,-1.3699999999999992,
Nissan,Leaf,2017,Black Edition,80,28.08.2021,64919,402.0,12.53,Electricity,Summer tires,1,0,1,Moderate,13.13,0,0,,-1.8699999999999992,
Nissan,Leaf,2017,Black Edition,80,17.08.2021,64516,590.0,2.8,Electricity,Summer tires,1,0,1,Moderate,13.13,0,0,,-1.8699999999999992,10:00-11:15
Nissan,Leaf,2017,Black Edition,80,11.07.2021,63927,18.0,10.2,Electricity,Summer tires,1,0,1,Moderate,13.13,0,0,,-1.8699999999999992,
Nissan,Leaf,2017,Black Edition,80,10.07.2021,63909,108.0,13.35,Electricity,Summer tires,1,0,1,Moderate,13.13,0,0,,-1.8699999999999992,
Nissan,Leaf,2017,Black Edition,80,06.06.2021,62556,92.0,7.44,Electricity,Summer tires,1,0,1,Moderate,13.13,0,0,,-1.8699999999999992,
Nissan,Leaf,2017,Black Edition,80,06.06.2021,62464,331.0,13.72,Electricity,Summer tires,1,0,1,Moderate,13.13,0,0,,-1.8699999999999992,
Nissan,Leaf,2017,Black Edition,80,04.06.2021,62133,111.0,9.89,Electricity,Summer tires,1,1,1,Moderate,13.13,0,0,,-1.8699999999999992,preis ist nachzutragen 5 € ist eine schätzung  geladen in 3 stunden 28 minuten 
Nissan,Leaf,2017,Black Edition,80,02.06.2021,62022,116.0,13.5,Electricity,Summer tires,0,1,0,Moderate,13.13,0,0,,-1.8699999999999992,
Nissan,Leaf,2017,Black Edition,80,02.06.2021,61906,149.0,16.0,Electricity,Summer tires,1,0,1,Moderate,13.13,0,0,,-1.8699999999999992,
Nissan,Leaf,2017,Black Edition,80,01.06.2021,61757,200.0,18.89,Electricity,Summer tires,1,0,1,Moderate,18.4,0,0,,3.3999999999999986,distanz nach KM stand korriegieren!
Nissan,Leaf,2017,Black Edition,80,17.05.2021,61175,329.0,11.03,Electricity,Summer tires,1,0,1,Moderate,18.4,0,0,,3.3999999999999986,
Nissan,Leaf,2017,Black Edition,80,06.05.2021,60846,93.0,9.9,Electricity,Summer tires,1,0,1,Moderate,18.4,0,0,,3.3999999999999986,
Nissan,Leaf,2017,Black Edition,80,04.05.2021,60753,189.0,11.4,Electricity,Summer tires,1,0,1,Moderate,18.4,0,0,,3.3999999999999986,79%
Nissan,Leaf,2017,Black Edition,80,29.04.2021,60564,574.0,12.0,Electricity,Summer tires,1,0,1,Moderate,18.4,0,0,,3.3999999999999986,
Nissan,Leaf,2017,Black Edition,80,18.04.2021,59990,137.0,20.52,Electricity,Summer tires,0,1,1,Moderate,18.4,0,0,,3.3999999999999986,91%
Nissan,Leaf,2017,Black Edition,80,18.04.2021,59853,176.0,22.51,Electricity,Summer tires,0,1,1,Moderate,17.62,0,0,,2.620000000000001,
Nissan,Leaf,2017,Black Edition,80,17.04.2021,59677,69.0,16.14,Electricity,Winter tires,0,1,1,Moderate,23.39,0,0,,8.39,
Nissan,Leaf,2017,Black Edition,80,17.04.2021,59608,112.0,22.92,Electricity,Winter tires,0,1,1,Moderate,19.12,0,0,,4.120000000000001,
Nissan,Leaf,2017,Black Edition,80,15.04.2021,59496,129.0,2.52,Electricity,Winter tires,1,0,1,Moderate,19.12,0,0,,4.120000000000001,
Nissan,Leaf,2017,Black Edition,80,06.04.2021,59367,330.0,20.13,Electricity,Winter tires,1,0,1,Moderate,15.8,0,0,38.8,0.8000000000000007,
Nissan,Leaf,2017,Black Edition,80,28.03.2021,59037,72.0,6.81,Electricity,Winter tires,1,0,1,Moderate,16.31,0,1,,1.3099999999999987,
Nissan,Leaf,2017,Black Edition,80,26.03.2021,58965,47.0,3.65,Electricity,Winter tires,1,0,1,Moderate,16.31,0,1,,1.3099999999999987,
Nissan,Leaf,2017,Black Edition,80,25.03.2021,58918,103.0,20.72,Electricity,Winter tires,1,0,1,Moderate,16.0,0,1,,1.0,100% 
Nissan,Leaf,2017,Black Edition,80,23.03.2021,58815,53.0,15.2,Electricity,Winter tires,1,0,1,Moderate,18.63,0,1,,3.629999999999999,
Nissan,Leaf,2017,Black Edition,80,23.03.2021,58815,53.0,15.2,Electricity,Winter tires,1,0,1,Moderate,18.63,0,1,,3.629999999999999,
Nissan,Leaf,2017,Black Edition,80,22.03.2021,58762,145.0,9.42,Electricity,Winter tires,1,0,1,Moderate,18.63,0,1,,3.629999999999999,
Nissan,Leaf,2017,Black Edition,80,18.03.2021,58617,44.0,14.32,Electricity,Winter tires,1,0,1,Moderate,18.63,0,1,,3.629999999999999,
Nissan,Leaf,2017,Black Edition,80,17.03.2021,58573,94.0,13.38,Electricity,Winter tires,1,0,1,Moderate,18.63,0,1,,3.629999999999999,
Nissan,Leaf,2017,Black Edition,80,15.03.2021,58479,70.0,17.02,Electricity,Winter tires,1,0,1,Moderate,18.63,0,1,,3.629999999999999,
Nissan,Leaf,2017,Black Edition,80,13.03.2021,58409,98.0,10.67,Electricity,Winter tires,1,0,1,Moderate,18.63,0,1,,3.629999999999999,
Nissan,Leaf,2017,Black Edition,80,10.03.2021,58311,41.0,13.98,Electricity,Winter tires,1,0,1,Moderate,18.63,0,1,,3.629999999999999,
Nissan,Leaf,2017,Black Edition,80,09.03.2021,58270,1.0,6.64,Electricity,Winter tires,1,0,1,Moderate,18.63,0,1,,3.629999999999999,
Nissan,Leaf,2017,Black Edition,80,09.03.2021,58269,243.0,5.67,Electricity,Winter tires,1,0,1,Moderate,18.63,0,1,,3.629999999999999,
Nissan,Leaf,2017,Black Edition,80,02.03.2021,58026,106.0,13.17,Electricity,Winter tires,1,0,1,Moderate,18.63,0,1,,3.629999999999999,
Nissan,Leaf,2017,Black Edition,80,28.02.2021,57920,86.0,2.64,Electricity,Winter tires,1,0,1,Moderate,18.63,0,1,,3.629999999999999,
Nissan,Leaf,2017,Black Edition,80,25.02.2021,57834,112.0,8.83,Electricity,Winter tires,1,0,1,Moderate,15.18,0,1,,0.17999999999999972,
Nissan,Leaf,2017,Black Edition,80,23.02.2021,57722,60.0,11.39,Electricity,Winter tires,1,0,1,Moderate,15.18,0,1,,0.17999999999999972,
Nissan,Leaf,2017,Black Edition,80,22.02.2021,57662,57.0,15.91,Electricity,Winter tires,1,0,1,Moderate,15.18,0,1,,0.17999999999999972,
Nissan,Leaf,2017,Black Edition,80,19.02.2021,57605,95.0,11.9,Electricity,Winter tires,1,0,1,Moderate,15.18,0,1,,0.17999999999999972,
Nissan,Leaf,2017,Black Edition,80,17.02.2021,57510,50.0,8.74,Electricity,Winter tires,1,0,1,Moderate,15.18,0,1,,0.17999999999999972,
Nissan,Leaf,2017,Black Edition,80,16.02.2021,57460,61.0,21.0,Electricity,Winter tires,1,0,1,Moderate,21.2,0,1,,6.199999999999999,
Nissan,Leaf,2017,Black Edition,80,14.02.2021,57399,15.0,19.01,Electricity,Winter tires,1,0,1,Moderate,37.64,0,1,,22.64,
Nissan,Leaf,2017,Black Edition,80,12.02.2021,57384,45.0,15.0,Electricity,Winter tires,1,0,1,Moderate,37.64,0,1,,22.64,
Nissan,Leaf,2017,Black Edition,80,11.02.2021,57339,19.0,14.12,Electricity,Winter tires,1,0,1,Moderate,37.64,0,1,,22.64,
Nissan,Leaf,2017,Black Edition,80,11.02.2021,57320,22.0,5.9,Electricity,Winter tires,1,0,1,Moderate,37.64,0,1,,22.64,
Nissan,Leaf,2017,Black Edition,80,10.02.2021,57298,58.0,7.78,Electricity,Winter tires,1,0,1,Moderate,37.64,0,1,,22.64,Menge und Peis muss nach getragen werden 
Nissan,Leaf,2017,Black Edition,80,09.02.2021,57240,56.0,26.97,Electricity,Winter tires,1,0,1,Moderate,21.0,0,1,,6.0,Reichweite 144 km bei 99% und Minus 7 Grad Außentemperatur 
Nissan,Leaf,2017,Black Edition,80,08.02.2021,57184,93.0,17.91,Electricity,Winter tires,1,0,1,Moderate,19.26,0,1,,4.260000000000002,
Nissan,Leaf,2017,Black Edition,80,06.02.2021,57091,76.0,19.15,Electricity,Winter tires,1,0,1,Moderate,17.2,0,1,,2.1999999999999993,% mit einer Reichweite von 175 Beine Außentemperatur von 5 Grad 
Nissan,Leaf,2017,Black Edition,80,04.02.2021,57015,40.0,12.18,Electricity,Winter tires,1,0,1,Moderate,18.5,0,1,,3.5,
Nissan,Leaf,2017,Black Edition,80,03.02.2021,56975,105.0,20.06,Electricity,Winter tires,1,0,1,Moderate,20.57,0,1,,5.57,
Nissan,Leaf,2017,Black Edition,80,01.02.2021,56870,64.0,11.96,Electricity,Winter tires,1,0,1,Moderate,20.57,0,1,,5.57,
Nissan,Leaf,2017,Black Edition,80,01.02.2021,56870,64.0,11.96,Electricity,Winter tires,1,0,1,Moderate,20.57,0,1,,5.57,
Nissan,Leaf,2017,Black Edition,80,30.01.2021,56806,71.0,22.37,Electricity,Winter tires,1,0,1,Moderate,18.2,0,1,35.7,3.1999999999999993,100% bei 5Grad Aussentemperatur Reichweite 178 km 
Nissan,Leaf,2017,Black Edition,80,27.01.2021,56735,66.0,12.98,Electricity,Winter tires,0,0,1,Moderate,25.8,0,1,,10.8,
Nissan,Leaf,2017,Black Edition,80,24.01.2021,56669,9.0,11.69,Electricity,Winter tires,0,0,1,Moderate,19.5,0,1,,4.5,hundert Prozent sind 157 km Reichweite eine Außentemperatur von einem Grad 
Nissan,Leaf,2017,Black Edition,80,22.01.2021,56660,40.0,2.34,Electricity,Winter tires,0,0,1,Moderate,28.63,0,1,,13.629999999999999,
Nissan,Leaf,2017,Black Edition,80,21.01.2021,56620,51.0,15.24,Electricity,Winter tires,0,0,1,Moderate,17.2,0,1,,2.1999999999999993,"100% gleich 183 km, Reichweite bei 8 Grad Außentemperatur "
Nissan,Leaf,2017,Black Edition,80,21.01.2021,56560,50.0,11.5,Electricity,Winter tires,0,0,1,Moderate,18.8,0,1,,3.8000000000000007,"2,3 Kw/h an der  Schule "
Nissan,Leaf,2017,Black Edition,80,19.01.2021,56519,41.0,11.63,Electricity,Winter tires,0,0,1,Moderate,18.8,0,1,,3.8000000000000007,
Nissan,Leaf,2017,Black Edition,80,18.01.2021,56478,97.0,11.54,Electricity,Winter tires,0,0,1,Moderate,18.8,0,1,,3.8000000000000007,
Nissan,Leaf,2017,Black Edition,80,15.01.2021,56381,67.0,11.39,Electricity,Winter tires,0,0,1,Moderate,18.8,0,1,,3.8000000000000007,
Nissan,Leaf,2017,Black Edition,80,15.01.2021,56314,61.0,7.69,Electricity,Winter tires,0,0,1,Moderate,18.8,0,1,,3.8000000000000007,
Nissan,Leaf,2017,Black Edition,80,14.01.2021,56253,47.0,19.15,Electricity,Winter tires,0,0,1,Moderate,18.8,0,1,,3.8000000000000007,"von 30 bis auf 100% geladen , Reichweite 1 5 7 km "
Nissan,Leaf,2017,Black Edition,80,11.01.2021,56206,37.0,8.7,Electricity,Winter tires,0,0,1,Moderate,25.49,0,1,,10.489999999999998,
Nissan,Leaf,2017,Black Edition,80,10.01.2021,56169,99.0,18.79,Electricity,Winter tires,0,0,1,Moderate,25.49,0,1,,10.489999999999998,
Nissan,Leaf,2017,Black Edition,80,07.01.2021,56070,66.0,20.0,Electricity,Winter tires,0,0,1,Moderate,17.4,0,1,,2.3999999999999986,100% = 175 km reichweite 
Nissan,Leaf,2017,Black Edition,80,06.01.2021,56004,40.0,5.0,Electricity,Winter tires,0,0,1,Moderate,12.5,0,1,,-2.5,Muss genau nachtragen werden geschätzt 5kw
Nissan,Leaf,2017,Black Edition,80,05.01.2021,55964,15.0,6.81,Electricity,Winter tires,0,0,1,Moderate,21.52,0,1,,6.52,
Nissan,Leaf,2017,Black Edition,80,03.01.2021,55949,22.0,6.57,Electricity,Winter tires,0,0,1,Moderate,21.52,0,1,,6.52,
Nissan,Leaf,2017,Black Edition,80,26.12.2020,55927,94.0,16.88,Electricity,Winter tires,0,0,1,Moderate,21.52,0,1,,6.52,
Nissan,Leaf,2017,Black Edition,80,24.12.2020,55833,70.0,12.99,Electricity,Winter tires,0,0,1,Moderate,21.52,0,1,,6.52,
Nissan,Leaf,2017,Black Edition,80,20.12.2020,55763,62.0,11.63,Electricity,Winter tires,0,0,1,Moderate,15.0,0,1,,0.0,
Nissan,Leaf,2017,Black Edition,80,19.12.2020,55701,101.0,19.15,Electricity,Winter tires,0,0,1,Moderate,16.9,0,1,,1.8999999999999986,
Nissan,Leaf,2017,Black Edition,80,18.12.2020,55600,61.0,24.69,Electricity,Winter tires,0,0,1,Moderate,15.1,0,1,,0.09999999999999964,
Nissan,Leaf,2017,Black Edition,80,15.12.2020,55539,109.0,11.01,Electricity,Winter tires,0,0,1,Moderate,21.3,0,1,,6.300000000000001,
Nissan,Leaf,2017,Black Edition,80,13.12.2020,55430,43.0,7.04,Electricity,Winter tires,0,0,1,Moderate,21.3,0,1,,6.300000000000001,
Nissan,Leaf,2017,Black Edition,80,11.12.2020,55387,74.0,21.81,Electricity,Winter tires,0,0,1,Moderate,21.3,0,1,,6.300000000000001,
Nissan,Leaf,2017,Black Edition,80,10.12.2020,55313,55.0,18.0,Electricity,Winter tires,0,0,1,Moderate,21.3,0,1,,6.300000000000001,"Menge  geschätzt,  von 17-84%"
Nissan,Leaf,2017,Black Edition,80,09.12.2020,55258,60.0,3.09,Electricity,Winter tires,0,0,1,Moderate,21.3,0,1,,6.300000000000001,Verbrauchswert Menge nachtragen
Nissan,Leaf,2017,Black Edition,80,08.12.2020,55198,53.0,19.79,Electricity,Winter tires,0,0,1,Moderate,19.47,0,1,,4.469999999999999,
Nissan,Leaf,2017,Black Edition,80,07.12.2020,55145,67.0,7.46,Electricity,Winter tires,0,0,1,Moderate,19.47,0,1,,4.469999999999999,
Nissan,Leaf,2017,Black Edition,80,06.12.2020,55078,66.0,15.88,Electricity,Winter tires,0,0,1,Moderate,19.47,0,1,,4.469999999999999,
Nissan,Leaf,2017,Black Edition,80,03.12.2020,55012,109.0,14.32,Electricity,Winter tires,0,0,1,Moderate,19.47,0,1,,4.469999999999999,
Nissan,Leaf,2017,Black Edition,80,01.12.2020,54903,62.0,23.39,Electricity,Winter tires,0,0,1,Moderate,17.8,0,1,,2.8000000000000007,
Nissan,Leaf,2017,Black Edition,80,30.11.2020,54841,10.0,5.67,Electricity,Winter tires,0,0,1,Moderate,22.18,0,1,,7.18,
Nissan,Leaf,2017,Black Edition,80,30.11.2020,54831,61.0,7.89,Electricity,Winter tires,0,0,1,Moderate,22.18,0,1,,7.18,
Nissan,Leaf,2017,Black Edition,80,28.11.2020,54770,40.0,17.89,Electricity,Summer tires,0,0,1,Moderate,22.18,0,1,,7.18,
Nissan,Leaf,2017,Black Edition,80,26.11.2020,54730,50.0,5.05,Electricity,Summer tires,0,0,1,Moderate,22.18,0,1,,7.18,
Nissan,Leaf,2017,Black Edition,80,25.11.2020,54680,57.0,13.13,Electricity,Summer tires,0,0,1,Moderate,22.18,0,1,,7.18,
Nissan,Leaf,2017,Black Edition,80,24.11.2020,54623,101.0,11.49,Electricity,Summer tires,0,0,1,Moderate,22.18,0,1,,7.18,
Nissan,Leaf,2017,Black Edition,80,22.11.2020,54522,55.0,13.6,Electricity,Summer tires,0,0,1,Moderate,14.4,0,1,,-0.5999999999999996,98%=169 km bei10grad C
Nissan,Leaf,2017,Black Edition,80,19.11.2020,54467,107.0,16.1,Electricity,Summer tires,0,0,1,Moderate,17.34,0,1,,2.34,
Nissan,Leaf,2017,Black Edition,80,17.11.2020,54360,155.0,17.96,Electricity,Summer tires,0,0,1,Moderate,17.34,0,1,,2.34,
Nissan,Leaf,2017,Black Edition,80,12.11.2020,54205,48.0,12.36,Electricity,Summer tires,0,0,1,Moderate,17.34,0,1,,2.34,
Nissan,Leaf,2017,Black Edition,80,11.11.2020,54157,95.0,4.0,Electricity,Summer tires,0,0,1,Moderate,17.34,0,1,,2.34,
Nissan,Leaf,2017,Black Edition,80,09.11.2020,54062,54.0,8.0,Electricity,Summer tires,0,0,1,Moderate,14.81,0,0,,-0.1899999999999995,
Nissan,Leaf,2017,Black Edition,80,07.11.2020,54008,154.0,8.88,Electricity,Summer tires,0,0,1,Moderate,18.34,0,0,,3.34,Nachtragen alles heute morgen vollgeladen. 
Nissan,Leaf,2017,Black Edition,80,03.11.2020,53846,88.0,16.44,Electricity,Summer tires,0,0,1,Moderate,18.34,0,0,,3.34,
Nissan,Leaf,2017,Black Edition,80,01.11.2020,53758,29.0,0.18,Electricity,Summer tires,0,0,1,Moderate,18.34,0,0,,3.34,
Nissan,Leaf,2017,Black Edition,80,01.11.2020,53729,78.0,13.1,Electricity,Summer tires,0,0,1,Moderate,18.34,0,0,,3.34,
Nissan,Leaf,2017,Black Edition,80,30.10.2020,53651,53.0,11.79,Electricity,Summer tires,0,0,1,Moderate,17.95,0,0,,2.9499999999999993,
Nissan,Leaf,2017,Black Edition,80,29.10.2020,53598,121.0,16.74,Electricity,Summer tires,0,0,1,Moderate,14.4,0,0,,-0.5999999999999996,
Nissan,Leaf,2017,Black Edition,80,27.10.2020,53477,111.0,16.21,Electricity,Summer tires,0,0,1,Moderate,17.95,0,0,,2.9499999999999993,
Nissan,Leaf,2017,Black Edition,80,23.10.2020,53322,122.0,19.17,Electricity,Summer tires,0,0,1,Moderate,13.6,0,1,,-1.4000000000000004,
Nissan,Leaf,2017,Black Edition,80,22.10.2020,5328,1.0,6.0,Electricity,Summer tires,0,0,1,Moderate,20.79,0,1,,5.789999999999999,
Nissan,Leaf,2017,Black Edition,80,20.10.2020,53200,50.0,3.61,Electricity,Summer tires,0,0,1,Moderate,20.79,0,0,,5.789999999999999,
Nissan,Leaf,2017,Black Edition,80,19.10.2020,53127,45.0,4.72,Electricity,Summer tires,0,0,1,Moderate,13.7,0,0,,-1.3000000000000007,
Nissan,Leaf,2017,Black Edition,80,19.10.2020,53110,23.0,5.52,Electricity,Summer tires,0,0,1,Moderate,20.79,0,0,,5.789999999999999,
Nissan,Leaf,2017,Black Edition,80,17.10.2020,53082,8.0,4.0,Electricity,Summer tires,0,0,1,Moderate,20.79,0,0,,5.789999999999999,bei 55% SoC hat die Säule abgeschaltet.  Kw/deshalb geschätzt. 
Nissan,Leaf,2017,Black Edition,80,16.10.2020,53074,369.0,5.09,Electricity,Summer tires,0,0,1,Moderate,20.79,0,0,,5.789999999999999,
Nissan,Leaf,2017,Black Edition,80,01.10.2020,52705,125.0,7.31,Electricity,Summer tires,0,0,1,Moderate,14.49,0,0,,-0.5099999999999998,
Nissan,Leaf,2017,Black Edition,80,03.09.2020,51103,278.0,16.64,Electricity,Summer tires,0,0,1,Moderate,14.49,0,0,,-0.5099999999999998,"fast Voll , 82%"
Nissan,Leaf,2017,Black Edition,80,30.08.2020,50825,11.0,16.91,Electricity,Summer tires,0,0,1,Normal,14.49,1,0,,-0.5099999999999998,
Nissan,Leaf,2017,Black Edition,80,30.08.2020,50814,322.0,0.76,Electricity,Summer tires,0,0,1,Normal,14.49,1,0,,-0.5099999999999998,
Nissan,Leaf,2017,Black Edition,80,25.08.2020,50492,79.0,9.66,Electricity,Summer tires,0,1,0,Normal,14.49,1,0,,-0.5099999999999998,
Nissan,Leaf,2017,Black Edition,80,25.08.2020,50413,977.0,1.79,Electricity,Summer tires,0,1,0,Normal,14.49,1,0,,-0.5099999999999998,
Nissan,Leaf,2017,Black Edition,80,03.08.2020,49436,75.0,25.38,Electricity,Summer tires,0,1,0,Normal,13.9,1,0,,-1.0999999999999996,
Nissan,Leaf,2017,Black Edition,80,02.08.2020,49361,95.0,10.0,Electricity,Summer tires,0,1,0,Normal,17.85,1,0,,2.8500000000000014,Kein Zähler an der Ladesäule
Nissan,Leaf,2017,Black Edition,80,02.08.2020,49266,440.0,14.25,Electricity,Summer tires,0,1,0,Normal,17.85,1,0,,2.8500000000000014,
Nissan,Leaf,2017,Black Edition,80,26.07.2020,48900,1.0,20.52,Electricity,Summer tires,0,0,1,Moderate,17.85,0,0,,2.8500000000000014,
Nissan,Leaf,2017,Black Edition,80,26.07.2020,48826,54.0,21.69,Electricity,Summer tires,0,1,0,Normal,14.3,1,0,,-0.6999999999999993,
Nissan,Leaf,2017,Black Edition,80,26.07.2020,48772,121.0,5.0,Electricity,Summer tires,0,1,0,Normal,15.25,1,0,,0.25,
Nissan,Leaf,2017,Black Edition,80,25.07.2020,48651,136.0,19.87,Electricity,Summer tires,0,1,0,Normal,16.4,1,0,,1.3999999999999986,92%
Nissan,Leaf,2017,Black Edition,80,25.07.2020,48515,181.0,13.26,Electricity,Summer tires,0,1,0,Normal,14.4,1,0,,-0.5999999999999996,
Nissan,Leaf,2017,Black Edition,80,24.07.2020,48334,172.0,20.63,Electricity,Summer tires,0,1,0,Normal,11.7,1,0,,-3.3000000000000007,
Nissan,Leaf,2017,Black Edition,80,23.07.2020,48162,135.0,22.52,Electricity,Summer tires,0,1,0,Normal,16.6,1,0,,1.6000000000000014,
Nissan,Leaf,2017,Black Edition,80,23.07.2020,48027,183.0,1.1,Electricity,Summer tires,0,1,0,Normal,14.9,1,0,,-0.09999999999999964,
Nissan,Leaf,2017,Black Edition,80,21.07.2020,47844,173.0,22.43,Electricity,Summer tires,0,1,0,Normal,13.0,1,0,,-2.0,
Nissan,Leaf,2017,Black Edition,80,20.07.2020,47671,135.0,23.13,Electricity,Summer tires,0,1,0,Normal,16.5,1,0,,1.5,
Nissan,Leaf,2017,Black Edition,80,20.07.2020,47536,8.0,0.23,Electricity,Summer tires,0,1,0,Normal,8.04,1,0,,-6.960000000000001,
Nissan,Leaf,2017,Black Edition,80,19.07.2020,47528,136.0,11.35,Electricity,Summer tires,0,1,0,Normal,13.9,1,0,,-1.0999999999999996,
Nissan,Leaf,2017,Black Edition,80,19.07.2020,47392,173.0,22.23,Electricity,Summer tires,0,1,0,Normal,12.85,1,0,,-2.1500000000000004,
Nissan,Leaf,2017,Black Edition,80,19.07.2020,4530,10.0,15.22,Electricity,Summer tires,0,1,0,Normal,10.5,1,0,,-4.5,
Nissan,Leaf,2017,Black Edition,80,18.07.2020,47219,141.0,22.87,Electricity,Summer tires,0,1,0,Normal,13.1,1,0,,-1.9000000000000004,
Nissan,Leaf,2017,Black Edition,80,17.07.2020,47078,114.0,17.81,Electricity,Summer tires,0,1,0,Normal,14.21,1,0,,-0.7899999999999991,
Nissan,Leaf,2017,Black Edition,80,17.07.2020,46964,123.0,13.05,Electricity,Summer tires,0,1,0,Normal,14.21,1,0,,-0.7899999999999991,
Nissan,Leaf,2017,Black Edition,80,17.07.2020,46841,36.0,15.0,Electricity,Summer tires,0,1,0,Normal,14.4,1,0,,-0.5999999999999996,
Nissan,Leaf,2017,Black Edition,80,16.07.2020,46805,102.0,9.53,Electricity,Summer tires,0,1,0,Normal,18.76,1,0,,3.7600000000000016,
Nissan,Leaf,2017,Black Edition,80,16.07.2020,46703,73.0,10.02,Electricity,Summer tires,0,1,0,Normal,18.76,1,0,,3.7600000000000016,
Nissan,Leaf,2017,Black Edition,80,16.07.2020,46630,96.0,12.0,Electricity,Summer tires,0,1,0,Normal,18.76,1,0,,3.7600000000000016,
Nissan,Leaf,2017,Black Edition,80,15.07.2020,46534,133.0,18.2,Electricity,Summer tires,0,1,0,Normal,18.76,1,0,,3.7600000000000016,
Nissan,Leaf,2017,Black Edition,80,15.07.2020,46401,14.0,0.23,Electricity,Summer tires,0,1,0,Normal,1.64,1,0,,-13.36,"96,%"
Nissan,Leaf,2017,Black Edition,80,14.07.2020,46387,130.0,10.0,Electricity,Summer tires,0,1,0,Normal,13.0,1,0,,-2.0,
Nissan,Leaf,2017,Black Edition,80,13.07.2020,46257,187.0,20.81,Electricity,Summer tires,0,1,0,Normal,25.36,1,0,,10.36,97%
Nissan,Leaf,2017,Black Edition,80,12.07.2020,46070,134.0,24.6,Electricity,Summer tires,0,1,0,Normal,15.2,1,0,,0.1999999999999993,
Nissan,Leaf,2017,Black Edition,80,12.07.2020,45936,148.0,0.46,Electricity,Summer tires,0,1,0,Normal,15.87,1,0,,0.8699999999999992,95%
Nissan,Leaf,2017,Black Edition,80,11.07.2020,45788,176.0,17.44,Electricity,Summer tires,0,1,0,Normal,15.8,1,0,,0.8000000000000007,97%
Nissan,Leaf,2017,Black Edition,80,10.07.2020,45612,136.0,20.0,Electricity,Summer tires,0,1,0,Normal,14.71,1,0,,-0.28999999999999915,
Nissan,Leaf,2017,Black Edition,80,10.07.2020,45476,141.0,20.95,Electricity,Summer tires,0,1,0,Normal,15.3,1,0,,0.3000000000000007,
Nissan,Leaf,2017,Black Edition,80,09.07.2020,45335,10.0,1.89,Electricity,Summer tires,0,1,0,Normal,13.3,1,0,,-1.6999999999999993,
Nissan,Leaf,2017,Black Edition,80,09.07.2020,45325,98.0,20.0,Electricity,Summer tires,0,1,0,Normal,16.88,1,0,,1.879999999999999,20kw h ist geschätzt 
Nissan,Leaf,2017,Black Edition,80,08.07.2020,45227,150.0,15.33,Electricity,Summer tires,0,1,0,Normal,16.88,1,0,,1.879999999999999,
Nissan,Leaf,2017,Black Edition,80,08.07.2020,45077,191.0,23.92,Electricity,Summer tires,0,1,0,Normal,13.45,1,0,,-1.5500000000000007,
Nissan,Leaf,2017,Black Edition,80,07.07.2020,44886,134.0,23.23,Electricity,Summer tires,0,1,0,Normal,17.34,1,0,,2.34,
Nissan,Leaf,2017,Black Edition,80,06.07.2020,44752,70.0,25.22,Electricity,Summer tires,0,1,0,Normal,13.9,1,0,,-1.0999999999999996,
Nissan,Leaf,2017,Black Edition,80,06.07.2020,44682,45.0,2.3,Electricity,Summer tires,0,1,0,Normal,16.58,1,0,,1.5799999999999983,Parkgebühr für  1 Stunde
Nissan,Leaf,2017,Black Edition,80,06.07.2020,44637,57.0,1.0,Electricity,Summer tires,0,1,0,Normal,16.58,1,0,,1.5799999999999983,
Nissan,Leaf,2017,Black Edition,80,06.07.2020,44580,172.0,22.16,Electricity,Summer tires,0,1,0,Normal,12.6,1,0,,-2.4000000000000004,
Nissan,Leaf,2017,Black Edition,80,05.07.2020,44408,0.0,16.66,Electricity,Summer tires,0,1,0,Normal,15.0,1,0,,0.0,98%
Nissan,Leaf,2017,Black Edition,80,05.07.2020,44408,95.0,5.0,Electricity,Summer tires,0,1,0,Normal,17.0,1,0,,2.0, von 21-36% 
Nissan,Leaf,2017,Black Edition,80,05.07.2020,44313,73.0,6.9,Electricity,Summer tires,0,1,0,Normal,17.0,1,0,,2.0,11:51 bis 14:45
Nissan,Leaf,2017,Black Edition,80,05.07.2020,44240,66.0,15.47,Electricity,Summer tires,0,1,0,Normal,13.3,1,0,,-1.6999999999999993,
Nissan,Leaf,2017,Black Edition,80,05.07.2020,44174,171.0,13.0,Electricity,Summer tires,0,1,0,Normal,12.01,1,0,,-2.99,Kw geschätzt 13%-81%
Nissan,Leaf,2017,Black Edition,80,04.07.2020,44003,136.0,22.42,Electricity,Summer tires,0,1,0,Normal,16.3,1,0,110.0,1.3000000000000007,
Nissan,Leaf,2017,Black Edition,80,04.07.2020,43867,500.0,22.65,Electricity,Summer tires,0,1,0,Normal,14.1,1,0,,-0.9000000000000004,
Nissan,Leaf,2017,Black Edition,80,28.06.2020,43367,171.0,22.25,Electricity,Summer tires,0,1,0,Normal,13.0,1,0,,-2.0,
Nissan,Leaf,2017,Black Edition,80,27.06.2020,43196,71.0,12.2,Electricity,Summer tires,0,1,0,Normal,15.3,1,0,,0.3000000000000007,
Nissan,Leaf,2017,Black Edition,80,27.06.2020,43125,218.0,18.96,Electricity,Summer tires,0,1,0,Normal,14.0,1,0,,-1.0,95%
Nissan,Leaf,2017,Black Edition,80,26.06.2020,42907,172.0,21.14,Electricity,Summer tires,0,1,0,Normal,23.55,1,0,,8.55,97% Beendet 
Nissan,Leaf,2017,Black Edition,80,25.06.2020,42735,6.0,2.0,Electricity,Summer tires,0,1,0,Normal,16.5,1,0,,1.5,
Nissan,Leaf,2017,Black Edition,80,25.06.2020,42729,135.0,20.25,Electricity,Summer tires,0,1,0,Normal,15.2,1,0,,0.1999999999999993,96% ist warm.... 
Nissan,Leaf,2017,Black Edition,80,25.06.2020,42594,15.0,3.46,Electricity,Summer tires,0,1,0,Normal,16.9,1,0,,1.8999999999999986,
Nissan,Leaf,2017,Black Edition,80,24.06.2020,42579,215.0,10.0,Electricity,Summer tires,0,1,0,Normal,13.7,1,0,,-1.3000000000000007,
Nissan,Leaf,2017,Black Edition,80,22.06.2020,42364,150.0,15.61,Electricity,Summer tires,0,1,0,Normal,14.6,1,0,,-0.40000000000000036,
Nissan,Leaf,2017,Black Edition,80,21.06.2020,42264,76.0,0.38,Electricity,Summer tires,0,1,0,Normal,14.6,1,0,,-0.40000000000000036,Frage ob kostenfrei 
Nissan,Leaf,2017,Black Edition,80,21.06.2020,42188,135.0,22.34,Electricity,Summer tires,0,1,0,Normal,14.4,1,0,,-0.5999999999999996,
Nissan,Leaf,2017,Black Edition,80,21.06.2020,42053,188.0,0.56,Electricity,Summer tires,0,1,0,Normal,16.25,1,0,,1.25,
Nissan,Leaf,2017,Black Edition,80,17.06.2020,41865,345.0,18.49,Electricity,Summer tires,0,1,0,Normal,13.1,0,1,,-1.9000000000000004,
Nissan,Leaf,2017,Black Edition,80,09.06.2020,41520,36.0,4.66,Electricity,Summer tires,0,1,0,Normal,15.77,0,1,,0.7699999999999996,
Nissan,Leaf,2017,Black Edition,80,09.06.2020,41484,257.0,3.04,Electricity,Summer tires,0,1,0,Normal,15.77,0,1,,0.7699999999999996,
Nissan,Leaf,2017,Black Edition,80,08.06.2020,41230,3.0,8.67,Electricity,Summer tires,0,1,0,Normal,15.77,1,0,,0.7699999999999996,
Nissan,Leaf,2017,Black Edition,80,08.06.2020,41227,23.0,4.92,Electricity,Summer tires,0,1,0,Normal,14.9,0,1,,-0.09999999999999964,12:20 Uhr weggefahren 
Nissan,Leaf,2017,Black Edition,80,07.06.2020,41204,220.0,6.81,Electricity,Summer tires,0,1,0,Normal,13.8,0,1,,-1.1999999999999993,
Nissan,Leaf,2017,Black Edition,80,03.06.2020,40984,100.0,14.35,Electricity,Summer tires,0,1,0,Normal,13.5,0,1,,-1.5,
Nissan,Leaf,2017,Black Edition,80,03.06.2020,40884,125.0,21.0,Electricity,Summer tires,0,1,0,Normal,12.8,0,1,,-2.1999999999999993,
Nissan,Leaf,2017,Black Edition,80,02.06.2020,40759,52.0,1.0,Electricity,Summer tires,0,1,0,Normal,20.34,0,1,,5.34,
Nissan,Leaf,2017,Black Edition,80,02.06.2020,40707,0.0,1.09,Electricity,Summer tires,0,1,0,Normal,14.2,0,1,,-0.8000000000000007,
Nissan,Leaf,2017,Black Edition,80,02.06.2020,40707,136.0,19.47,Electricity,Summer tires,0,1,0,Normal,14.2,0,1,,-0.8000000000000007,
Nissan,Leaf,2017,Black Edition,80,02.06.2020,40571,201.0,11.0,Electricity,Summer tires,0,1,0,Normal,18.8,0,1,,3.8000000000000007,
Nissan,Leaf,2017,Black Edition,80,30.05.2020,40370,108.0,13.73,Electricity,Summer tires,0,1,0,Normal,19.59,0,1,,4.59,
Nissan,Leaf,2017,Black Edition,80,30.05.2020,40262,182.0,20.0,Electricity,Summer tires,0,1,0,Normal,13.7,0,1,,-1.3000000000000007,menge nach tragen 
Nissan,Leaf,2017,Black Edition,80,27.05.2020,40080,173.0,21.0,Electricity,Summer tires,0,1,0,Normal,12.3,0,1,,-2.6999999999999993,
Nissan,Leaf,2017,Black Edition,80,26.05.2020,39907,134.0,21.79,Electricity,Summer tires,0,1,0,Normal,15.9,0,1,,0.9000000000000004,
Nissan,Leaf,2017,Black Edition,80,26.05.2020,39773,14.0,1.5,Electricity,Summer tires,0,1,0,Normal,10.71,0,1,,-4.289999999999999,
Nissan,Leaf,2017,Black Edition,80,25.05.2020,39759,317.0,13.49,Electricity,Summer tires,0,1,0,Normal,13.8,0,1,,-1.1999999999999993,
Nissan,Leaf,2017,Black Edition,80,22.05.2020,39442,186.0,22.13,Electricity,Summer tires,0,1,0,Normal,20.05,0,1,,5.050000000000001,
Nissan,Leaf,2017,Black Edition,80,21.05.2020,39360,1.0,8.0,Electricity,Summer tires,0,1,0,Normal,20.05,0,1,,5.050000000000001,
Nissan,Leaf,2017,Black Edition,80,21.05.2020,39255,132.0,18.46,Electricity,Summer tires,0,1,0,Normal,20.05,0,1,,5.050000000000001,
Nissan,Leaf,2017,Black Edition,80,20.05.2020,39123,170.0,14.01,Electricity,Summer tires,0,1,0,Normal,8.24,0,1,,-6.76,
Nissan,Leaf,2017,Black Edition,80,19.05.2020,38953,147.0,21.81,Electricity,Summer tires,0,1,0,Normal,14.1,0,1,,-0.9000000000000004,
Nissan,Leaf,2017,Black Edition,80,18.05.2020,38780,133.0,22.45,Electricity,Summer tires,0,1,0,Normal,16.21,0,1,,1.2100000000000009,
Nissan,Leaf,2017,Black Edition,80,18.05.2020,38647,1.0,0.38,Electricity,Summer tires,0,1,0,Normal,16.21,0,1,,1.2100000000000009,
Nissan,Leaf,2017,Black Edition,80,17.05.2020,38645,141.0,27.82,Electricity,Summer tires,0,1,0,Normal,16.21,0,1,,1.2100000000000009,
Nissan,Leaf,2017,Black Edition,80,17.05.2020,38505,171.0,20.74,Electricity,Summer tires,0,1,0,Normal,16.21,0,1,,1.2100000000000009,
Nissan,Leaf,2017,Black Edition,80,16.05.2020,38334,135.0,22.8,Electricity,Summer tires,0,1,0,Normal,16.21,0,1,,1.2100000000000009,
Nissan,Leaf,2017,Black Edition,80,15.05.2020,38199,110.0,14.17,Electricity,Summer tires,0,1,0,Normal,14.2,0,1,,-0.8000000000000007,
Nissan,Leaf,2017,Black Edition,80,14.05.2020,38089,68.0,9.84,Electricity,Summer tires,0,1,0,Normal,19.76,0,1,,4.760000000000002,
Nissan,Leaf,2017,Black Edition,80,14.05.2020,38021,173.0,23.42,Electricity,Summer tires,0,1,0,Normal,19.76,0,1,,4.760000000000002,
Nissan,Leaf,2017,Black Edition,80,13.05.2020,37848,71.0,18.55,Electricity,Summer tires,0,1,0,Normal,18.0,0,1,,3.0,
Nissan,Leaf,2017,Black Edition,80,13.05.2020,37777,100.0,12.16,Electricity,Summer tires,0,1,0,Normal,20.27,0,1,,5.27,
Nissan,Leaf,2017,Black Edition,80,11.05.2020,37677,75.0,25.45,Electricity,Summer tires,0,1,0,Normal,16.0,0,1,,1.0,
Nissan,Leaf,2017,Black Edition,80,11.05.2020,37602,74.0,8.4,Electricity,Summer tires,0,1,0,Normal,17.86,0,1,,2.8599999999999994,
Nissan,Leaf,2017,Black Edition,80,11.05.2020,37528,171.0,23.3,Electricity,Summer tires,0,1,0,Normal,17.86,0,1,,2.8599999999999994,
Nissan,Leaf,2017,Black Edition,80,10.05.2020,37357,71.0,14.12,Electricity,Summer tires,0,1,0,Normal,11.77,0,1,,-3.2300000000000004,
Nissan,Leaf,2017,Black Edition,80,10.05.2020,37286,206.0,18.47,Electricity,Summer tires,0,1,0,Normal,11.77,0,1,,-3.2300000000000004,
Nissan,Leaf,2017,Black Edition,80,09.05.2020,37080,200.0,23.19,Electricity,Summer tires,0,1,0,Normal,14.1,0,1,,-0.9000000000000004,
Nissan,Leaf,2017,Black Edition,80,07.05.2020,36760,83.0,10.0,Electricity,Summer tires,0,1,0,Normal,14.4,0,1,,-0.5999999999999996,
Nissan,Leaf,2017,Black Edition,80,06.05.2020,36677,72.0,8.34,Electricity,Summer tires,0,1,0,Normal,20.43,0,1,,5.43,
Nissan,Leaf,2017,Black Edition,80,06.05.2020,36605,171.0,18.2,Electricity,Summer tires,0,1,0,Normal,20.43,0,1,,5.43,
Nissan,Leaf,2017,Black Edition,80,05.05.2020,36434,71.0,15.46,Electricity,Summer tires,0,1,0,Normal,15.5,0,1,,0.5,
Nissan,Leaf,2017,Black Edition,80,05.05.2020,36363,65.0,13.95,Electricity,Summer tires,0,1,0,Normal,17.77,0,1,,2.7699999999999996,
Nissan,Leaf,2017,Black Edition,80,04.05.2020,36298,100.0,10.0,Electricity,Summer tires,0,1,0,Normal,17.77,0,1,,2.7699999999999996,
Nissan,Leaf,2017,Black Edition,80,03.05.2020,36198,72.0,13.77,Electricity,Summer tires,0,1,0,Normal,17.77,0,1,,2.7699999999999996,
Nissan,Leaf,2017,Black Edition,80,03.05.2020,36126,174.0,19.7,Electricity,Summer tires,0,1,0,Normal,17.77,0,1,,2.7699999999999996,
Nissan,Leaf,2017,Black Edition,80,02.05.2020,35952,135.0,20.62,Electricity,Summer tires,0,1,0,Normal,14.8,0,1,,-0.1999999999999993,
Nissan,Leaf,2017,Black Edition,80,02.05.2020,35817,262.0,0.15,Electricity,Summer tires,0,1,0,Normal,14.7,0,1,,-0.3000000000000007,
Nissan,Leaf,2017,Black Edition,80,20.04.2020,35555,116.0,22.89,Electricity,Summer tires,0,1,0,Normal,13.3,0,1,,-1.6999999999999993,
Nissan,Leaf,2017,Black Edition,80,19.04.2020,35384,71.0,15.58,Electricity,Summer tires,0,1,0,Normal,14.2,0,1,,-0.8000000000000007,
Nissan,Leaf,2017,Black Edition,80,19.04.2020,35313,200.0,10.17,Electricity,Summer tires,0,1,0,Normal,15.5,0,1,,0.5,
Nissan,Leaf,2017,Black Edition,80,18.04.2020,35113,171.0,20.91,Electricity,Summer tires,0,1,0,Normal,15.5,0,1,,0.5,
Nissan,Leaf,2017,Black Edition,80,17.04.2020,34942,351.0,21.51,Electricity,Summer tires,0,1,0,Normal,15.2,0,1,,0.1999999999999993,
Nissan,Leaf,2017,Black Edition,80,15.04.2020,34591,171.0,23.0,Electricity,Summer tires,0,1,0,Normal,12.13,0,1,,-2.869999999999999,
Nissan,Leaf,2017,Black Edition,80,14.04.2020,34900,309.0,6.0,Electricity,Summer tires,0,1,0,Normal,12.13,0,1,,-2.869999999999999,
Nissan,Leaf,2017,Black Edition,80,14.04.2020,34420,72.0,13.55,Electricity,Summer tires,0,1,0,Normal,12.13,0,1,,-2.869999999999999,
Nissan,Leaf,2017,Black Edition,80,14.04.2020,34348,64.0,19.05,Electricity,Summer tires,0,1,0,Normal,12.13,0,1,,-2.869999999999999,
Nissan,Leaf,2017,Black Edition,80,13.04.2020,34284,362.0,1.0,Electricity,Summer tires,0,1,1,Normal,12.13,0,1,,-2.869999999999999,
Nissan,Leaf,2017,Black Edition,80,10.04.2020,33922,70.0,4.77,Electricity,Summer tires,0,1,0,Normal,12.13,0,1,,-2.869999999999999,
Nissan,Leaf,2017,Black Edition,80,10.04.2020,33852,172.0,24.26,Electricity,Summer tires,0,1,0,Normal,14.6,0,1,,-0.40000000000000036,
Nissan,Leaf,2017,Black Edition,80,09.04.2020,33680,135.0,21.32,Electricity,Summer tires,0,1,0,Normal,15.93,0,1,,0.9299999999999997,
Nissan,Leaf,2017,Black Edition,80,08.04.2020,33545,149.0,9.83,Electricity,Summer tires,0,1,0,Normal,12.7,0,1,,-2.3000000000000007,
Nissan,Leaf,2017,Black Edition,80,07.04.2020,33396,171.0,18.84,Electricity,Summer tires,0,1,0,Normal,15.33,0,1,,0.33000000000000007,
Nissan,Leaf,2017,Black Edition,80,06.04.2020,33225,68.0,17.66,Electricity,Summer tires,0,1,0,Normal,18.0,0,1,,3.0,
Nissan,Leaf,2017,Black Edition,80,06.04.2020,33157,133.0,15.6,Electricity,Summer tires,0,1,0,Normal,18.59,0,1,,3.59,
Nissan,Leaf,2017,Black Edition,80,05.04.2020,33024,69.0,15.94,Electricity,Summer tires,0,1,0,Normal,18.59,0,1,,3.59,
Nissan,Leaf,2017,Black Edition,80,05.04.2020,32955,105.0,14.11,Electricity,Summer tires,0,1,0,Normal,18.59,0,1,,3.59,
Nissan,Leaf,2017,Black Edition,80,04.04.2020,32850,69.0,6.0,Electricity,Summer tires,0,1,0,Normal,18.59,0,1,,3.59,
Nissan,Leaf,2017,Black Edition,80,04.04.2020,32781,69.0,18.32,Electricity,Summer tires,0,1,0,Normal,16.4,0,1,,1.3999999999999986,
Nissan,Leaf,2017,Black Edition,80,04.04.2020,32712,192.0,21.41,Electricity,Summer tires,0,1,0,Normal,17.98,0,1,,2.9800000000000004,
Nissan,Leaf,2017,Black Edition,80,02.04.2020,32520,71.0,10.61,Electricity,Summer tires,0,1,0,Normal,17.98,0,1,,2.9800000000000004,
Nissan,Leaf,2017,Black Edition,80,02.04.2020,32448,128.0,19.55,Electricity,Summer tires,0,1,0,Normal,17.98,0,1,,2.9800000000000004,
Nissan,Leaf,2017,Black Edition,80,01.04.2020,32320,57.0,6.0,Electricity,Summer tires,0,1,0,Normal,17.98,0,1,,2.9800000000000004,Menge geschätzt 
Nissan,Leaf,2017,Black Edition,80,01.04.2020,32264,70.0,18.42,Electricity,Summer tires,0,1,0,Normal,16.89,0,1,,1.8900000000000006,
Nissan,Leaf,2017,Black Edition,80,01.04.2020,32194,66.0,12.13,Electricity,Summer tires,0,1,0,Normal,16.89,0,1,,1.8900000000000006,
Nissan,Leaf,2017,Black Edition,80,30.03.2020,32128,88.0,18.11,Electricity,Summer tires,0,1,0,Normal,16.89,0,1,,1.8900000000000006,
Nissan,Leaf,2017,Black Edition,80,28.03.2020,32040,68.0,15.2,Electricity,Summer tires,0,1,0,Normal,16.89,0,1,,1.8900000000000006,
Nissan,Leaf,2017,Black Edition,80,28.03.2020,31972,149.0,15.18,Electricity,Summer tires,0,1,0,Normal,16.89,0,1,,1.8900000000000006,ChAdemO 50kW 
Nissan,Leaf,2017,Black Edition,80,27.03.2020,31823,42.0,5.0,Electricity,Summer tires,0,1,0,Normal,16.89,0,1,,1.8900000000000006,Menge geschätzt 
Nissan,Leaf,2017,Black Edition,80,27.03.2020,31781,52.0,5.0,Electricity,Summer tires,0,0,0,,16.89,0,1,,1.8900000000000006,
Nissan,Leaf,2017,Black Edition,80,27.03.2020,31729,69.0,16.56,Electricity,Summer tires,0,0,0,,16.89,0,1,,1.8900000000000006,30 kw ChAdemO 
Nissan,Leaf,2017,Black Edition,80,27.03.2020,31660,66.0,6.74,Electricity,Summer tires,0,0,0,,16.89,0,1,,1.8900000000000006,kostenfrei ChAdemO Ladung 
Nissan,Leaf,2017,Black Edition,80,26.03.2020,31594,161.0,14.5,Electricity,Summer tires,0,0,0,,13.9,0,1,,-1.0999999999999996,
Nissan,Leaf,2017,Black Edition,80,25.03.2020,31433,103.0,4.8,Electricity,Summer tires,0,0,0,,17.01,0,1,,2.0100000000000016, 
Nissan,Leaf,2017,Black Edition,80,25.03.2020,31330,73.0,8.0,Electricity,Summer tires,0,0,0,,17.01,0,1,,2.0100000000000016,Menge geschätzt 
Nissan,Leaf,2017,Black Edition,80,24.03.2020,31257,99.0,8.0,Electricity,Summer tires,0,0,0,,17.01,0,1,,2.0100000000000016,Menge ist geschätzt 
Nissan,Leaf,2017,Black Edition,80,24.03.2020,31158,265.0,18.29,Electricity,Summer tires,0,0,0,,17.01,0,1,,2.0100000000000016,
Nissan,Leaf,2017,Black Edition,80,20.03.2020,30893,84.0,24.43,Electricity,Summer tires,0,0,0,,17.01,0,1,,2.0100000000000016,
Nissan,Leaf,2017,Black Edition,80,20.03.2020,30809,96.0,9.1,Electricity,Winter tires,0,0,0,,17.01,0,1,,2.0100000000000016,"0,39/ kwh. ChademO"
Nissan,Leaf,2017,Black Edition,80,20.03.2020,30713,29.0,15.0,Electricity,Summer tires,0,0,0,,17.01,0,1,,2.0100000000000016,Menge ist nur schätzung.
Nissan,Leaf,2017,Black Edition,80,20.03.2020,30684,44.0,2.1,Electricity,Summer tires,0,0,0,,17.01,0,1,,2.0100000000000016,
Nissan,Leaf,2017,Black Edition,80,19.03.2020,30640,99.0,7.0,Electricity,Winter tires,0,0,0,,17.01,0,1,,2.0100000000000016,menge nachtragen 
Nissan,Leaf,2017,Black Edition,80,19.03.2020,30541,86.0,10.97,Electricity,Winter tires,0,0,0,,17.01,0,1,,2.0100000000000016,
Nissan,Leaf,2017,Black Edition,80,19.03.2020,30455,81.0,7.49,Electricity,Winter tires,0,0,0,,17.01,0,1,,2.0100000000000016,
Nissan,Leaf,2017,Black Edition,80,15.03.2020,30374,104.0,14.3,Electricity,Winter tires,0,0,0,,17.01,0,1,,2.0100000000000016,
Nissan,Leaf,2017,Black Edition,80,12.03.2020,30270,104.0,19.0,Electricity,Winter tires,0,0,0,,14.8,0,1,,-0.1999999999999993,
Nissan,Leaf,2017,Black Edition,80,11.03.2020,30166,63.0,18.6,Electricity,Winter tires,0,0,0,,17.4,0,1,,2.3999999999999986,
Nissan,Leaf,2017,Black Edition,80,10.03.2020,30103,25.0,18.24,Electricity,Winter tires,0,0,0,,22.8,0,1,,7.800000000000001,
Nissan,Leaf,2017,Black Edition,80,09.03.2020,30078,76.0,5.01,Electricity,Winter tires,0,0,0,,22.8,0,1,,7.800000000000001,
Nissan,Leaf,2017,Black Edition,80,09.03.2020,30002,18.0,14.57,Electricity,Winter tires,0,0,0,,22.8,0,1,,7.800000000000001,
Nissan,Leaf,2017,Black Edition,80,07.03.2020,29984,53.0,3.43,Electricity,Winter tires,0,0,0,,22.8,0,1,,7.800000000000001,
Nissan,Leaf,2017,Black Edition,80,05.03.2020,29931,55.0,6.27,Electricity,Winter tires,0,0,0,,22.8,0,1,,7.800000000000001,
Nissan,Leaf,2017,Black Edition,80,05.03.2020,29876,81.0,21.22,Electricity,Winter tires,0,0,0,,16.9,0,1,,1.8999999999999986,
Nissan,Leaf,2017,Black Edition,80,03.03.2020,29795,67.0,18.78,Electricity,Winter tires,0,0,0,,21.57,0,1,,6.57,
Nissan,Leaf,2017,Black Edition,80,03.03.2020,29795,67.0,18.78,Electricity,Winter tires,0,0,0,,21.57,0,1,,6.57,
Nissan,Leaf,2017,Black Edition,80,02.03.2020,29728,63.0,10.8,Electricity,Winter tires,0,0,0,,21.57,0,1,,6.57,
Nissan,Leaf,2017,Black Edition,80,02.03.2020,29665,62.0,5.95,Electricity,Winter tires,0,0,0,,21.57,0,1,,6.57,
Nissan,Leaf,2017,Black Edition,80,02.03.2020,29603,50.0,15.97,Electricity,Winter tires,0,0,0,,21.57,0,1,,6.57,
Nissan,Leaf,2017,Black Edition,80,29.02.2020,29553,3.0,17.66,Electricity,Winter tires,0,0,0,,21.57,0,1,,6.57,
Nissan,Leaf,2017,Black Edition,80,29.02.2020,29550,113.0,1.0,Electricity,Winter tires,0,0,0,,21.57,0,1,,6.57,Menge muss nach getragen werden .
Nissan,Leaf,2017,Black Edition,80,26.02.2020,29437,7.0,3.12,Electricity,Winter tires,0,0,0,,21.57,0,1,,6.57,
Nissan,Leaf,2017,Black Edition,80,26.02.2020,29430,61.0,7.47,Electricity,Winter tires,0,0,0,,21.57,0,1,,6.57,
Nissan,Leaf,2017,Black Edition,80,25.02.2020,29369,38.0,10.44,Electricity,Winter tires,0,0,0,,21.57,0,1,,6.57,
Nissan,Leaf,2017,Black Edition,80,22.02.2020,29331,70.0,16.65,Electricity,Winter tires,0,0,0,,21.57,0,1,,6.57,
Nissan,Leaf,2017,Black Edition,80,20.02.2020,29261,27.0,18.12,Electricity,Winter tires,0,0,0,,21.57,0,1,,6.57,
Nissan,Leaf,2017,Black Edition,80,20.02.2020,29234,119.0,3.74,Electricity,Winter tires,0,0,0,,21.57,0,1,,6.57,
Nissan,Leaf,2017,Black Edition,80,18.02.2020,29115,46.0,18.31,Electricity,Winter tires,0,0,0,,17.6,0,1,,2.6000000000000014,
Nissan,Leaf,2017,Black Edition,80,17.02.2020,29069,78.0,14.0,Electricity,Winter tires,0,0,0,,0.27,0,1,,-14.73,
Nissan,Leaf,2017,Black Edition,80,17.02.2020,28991,57.0,9.66,Electricity,Winter tires,0,0,0,,0.27,0,1,,-14.73,
Nissan,Leaf,2017,Black Edition,80,13.02.2020,28865,137.0,14.48,Electricity,Winter tires,0,0,0,,0.27,0,1,,-14.73,
Nissan,Leaf,2017,Black Edition,80,10.02.2020,28728,66.0,10.66,Electricity,Winter tires,0,0,0,,0.27,0,1,,-14.73,
Nissan,Leaf,2017,Black Edition,80,05.02.2020,28571,54.0,13.93,Electricity,Winter tires,0,0,0,,0.51,0,1,,-14.49,
Nissan,Leaf,2017,Black Edition,80,04.02.2020,28517,112.0,19.87,Electricity,Winter tires,0,0,0,,0.51,0,1,,-14.49,
Nissan,Leaf,2017,Black Edition,80,02.02.2020,28405,101.0,22.4,Electricity,Winter tires,0,0,0,,0.51,0,0,,-14.49,
Nissan,Leaf,2017,Black Edition,80,29.01.2020,28304,72.0,21.68,Electricity,Winter tires,0,0,0,,0.51,0,0,,-14.49,
Nissan,Leaf,2017,Black Edition,80,28.01.2020,28232,30.0,8.92,Electricity,Winter tires,0,0,0,,0.51,0,0,,-14.49,
Nissan,Leaf,2017,Black Edition,80,27.01.2020,28202,100.0,15.4,Electricity,Winter tires,0,0,0,,0.51,0,0,,-14.49,
Nissan,Leaf,2017,Black Edition,80,27.01.2020,28102,110.0,18.0,Electricity,Winter tires,0,0,0,,0.51,0,0,,-14.49,
Nissan,Leaf,2017,Black Edition,80,26.01.2020,27992,2.0,20.8,Electricity,Winter tires,0,0,0,,24.72,0,0,,9.719999999999999,
Nissan,Leaf,2017,Black Edition,80,26.01.2020,27990,105.0,5.74,Electricity,Winter tires,0,0,0,,24.72,0,0,,9.719999999999999,
Nissan,Leaf,2017,Black Edition,80,23.01.2020,27885,44.0,16.21,Electricity,Winter tires,0,0,0,,24.72,0,0,,9.719999999999999,
Nissan,Leaf,2017,Black Edition,80,22.01.2020,27841,45.0,14.82,Electricity,Winter tires,0,0,0,,24.72,0,0,,9.719999999999999,
Nissan,Leaf,2017,Black Edition,80,21.01.2020,27796,15.0,10.46,Electricity,Winter tires,0,0,0,,24.72,0,0,,9.719999999999999,
Nissan,Leaf,2017,Black Edition,80,21.01.2020,27781,44.0,8.67,Electricity,Winter tires,0,0,0,,24.72,0,0,,9.719999999999999,
Nissan,Leaf,2017,Black Edition,80,20.01.2020,27737,8.0,3.29,Electricity,Winter tires,0,0,0,,24.72,0,0,,9.719999999999999,
Nissan,Leaf,2017,Black Edition,80,20.01.2020,27729,46.0,1.58,Electricity,Winter tires,0,0,0,,24.72,0,0,,9.719999999999999,
Nissan,Leaf,2017,Black Edition,80,19.01.2020,27683,95.0,21.29,Electricity,Winter tires,0,0,0,,24.72,0,0,,9.719999999999999,
Nissan,Leaf,2017,Black Edition,80,18.01.2020,27588,31.0,18.64,Electricity,Winter tires,0,0,0,,24.72,0,0,,9.719999999999999,
Nissan,Leaf,2017,Black Edition,80,17.01.2020,27557,68.0,2.82,Electricity,Winter tires,0,0,0,,24.72,0,0,,9.719999999999999,
Nissan,Leaf,2017,Black Edition,80,16.01.2020,27489,55.0,17.98,Electricity,Winter tires,0,0,0,,15.9,0,0,,0.9000000000000004,
Nissan,Leaf,2017,Black Edition,80,15.01.2020,27434,130.0,18.24,Electricity,Winter tires,0,0,0,,19.58,0,0,,4.579999999999998,
Nissan,Leaf,2017,Black Edition,80,14.01.2020,27304,94.0,25.16,Electricity,Winter tires,0,0,0,,17.3,0,0,,2.3000000000000007,
Nissan,Leaf,2017,Black Edition,80,12.01.2020,27210,93.0,15.97,Electricity,Winter tires,0,0,0,,21.99,0,0,,6.989999999999998,
Nissan,Leaf,2017,Black Edition,80,12.01.2020,27117,5.0,17.05,Electricity,Winter tires,0,0,0,,27.99,0,0,,12.989999999999998,
Nissan,Leaf,2017,Black Edition,80,11.01.2020,27112,49.0,5.4,Electricity,Winter tires,0,0,0,,18.0,0,0,,3.0,
Nissan,Leaf,2017,Black Edition,80,09.01.2020,27063,15.0,18.73,Electricity,Winter tires,0,0,0,,27.99,0,0,,12.989999999999998,
Nissan,Leaf,2017,Black Edition,80,08.01.2020,27048,94.0,4.45,Electricity,Winter tires,0,0,0,,27.99,0,0,,12.989999999999998,
Nissan,Leaf,2017,Black Edition,80,07.01.2020,26954,86.0,12.36,Electricity,Winter tires,0,0,0,,20.32,0,0,,5.32,
Nissan,Leaf,2017,Black Edition,80,07.01.2020,26868,18.0,8.16,Electricity,Winter tires,0,0,0,,20.32,0,0,,5.32,
Nissan,Leaf,2017,Black Edition,80,06.01.2020,26850,93.0,19.52,Electricity,Winter tires,0,0,0,,20.32,0,0,,5.32,
Nissan,Leaf,2017,Black Edition,80,04.01.2020,26757,69.1,12.97,Electricity,Winter tires,0,0,0,,18.77,0,0,,3.7699999999999996,
Nissan,Leaf,2017,Black Edition,80,30.12.2019,26688,29.0,16.47,Electricity,Winter tires,0,0,0,,16.3,0,0,,1.3000000000000007,
Nissan,Leaf,2017,Black Edition,80,27.12.2019,26659,94.0,18.72,Electricity,Winter tires,0,0,0,,28.61,0,0,,13.61,
Nissan,Leaf,2017,Black Edition,80,24.12.2019,26565,94.0,11.28,Electricity,Winter tires,0,0,0,,12.0,0,0,,-3.0,
Nissan,Leaf,2017,Black Edition,80,23.12.2019,26471,61.0,24.75,Electricity,Winter tires,0,0,0,,19.6,0,0,,4.600000000000001,
Nissan,Leaf,2017,Black Edition,80,22.12.2019,26410,50.0,5.2,Electricity,Winter tires,0,0,0,,19.6,0,0,,4.600000000000001,
Nissan,Leaf,2017,Black Edition,80,22.12.2019,26360,11.0,1.0,Electricity,Winter tires,0,0,0,,19.6,0,0,,4.600000000000001,
Nissan,Leaf,2017,Black Edition,80,22.12.2019,26349,106.0,24.48,Electricity,Winter tires,0,0,0,,19.6,0,0,,4.600000000000001,
Nissan,Leaf,2017,Black Edition,80,21.12.2019,26243,91.0,15.19,Electricity,Winter tires,0,0,0,,19.6,0,0,,4.600000000000001,
Nissan,Leaf,2017,Black Edition,80,20.12.2019,26152,146.0,20.53,Electricity,,0,0,0,,19.6,0,0,,4.600000000000001,
Nissan,Leaf,2017,Black Edition,80,17.12.2019,26006,27.0,12.82,Electricity,,0,0,0,,17.1,0,0,,2.1000000000000014,
Nissan,Leaf,2017,Black Edition,80,17.12.2019,25979,130.0,17.58,Electricity,,0,0,0,,19.0,0,0,,4.0,
Nissan,Leaf,2017,Black Edition,80,14.12.2019,25849,62.0,11.2,Electricity,,0,0,0,,19.0,0,0,,4.0,
Nissan,Leaf,2017,Black Edition,80,13.12.2019,25787,93.0,26.16,Electricity,Winter tires,1,0,1,Normal,18.9,1,0,,3.8999999999999986,
Nissan,Leaf,2017,Black Edition,80,10.12.2019,25694,60.0,20.95,Electricity,Winter tires,1,0,1,Normal,24.3,1,0,,9.3,
Nissan,Leaf,2017,Black Edition,80,09.12.2019,25634,47.0,1.68,Electricity,Winter tires,1,0,1,Normal,24.3,1,0,,9.3,
Nissan,Leaf,2017,Black Edition,80,08.12.2019,25587,48.0,15.0,Electricity,Winter tires,1,0,1,Normal,24.3,1,0,,9.3,Kilowattstunden geschätzt 
Nissan,Leaf,2017,Black Edition,80,06.12.2019,25539,95.0,18.27,Electricity,Winter tires,1,0,1,Normal,24.3,1,0,,9.3,
Nissan,Leaf,2017,Black Edition,80,05.12.2019,25444,66.0,21.24,Electricity,Winter tires,1,0,1,Normal,21.65,1,0,,6.649999999999999,
Nissan,Leaf,2017,Black Edition,80,04.12.2019,25440,4.0,2.36,Electricity,Winter tires,1,0,1,Normal,21.65,1,0,,6.649999999999999,
Nissan,Leaf,2017,Black Edition,80,03.12.2019,25374,81.0,9.09,Electricity,Winter tires,1,0,1,Normal,21.65,1,0,,6.649999999999999,
Nissan,Leaf,2017,Black Edition,80,01.12.2019,25293,136.0,28.57,Electricity,Winter tires,1,0,1,Normal,15.5,1,0,,0.5,
Nissan,Leaf,2017,Black Edition,80,30.11.2019,25200,1.0,4.6,Electricity,Winter tires,1,0,1,Normal,17.08,1,0,,2.0799999999999983,
Nissan,Leaf,2017,Black Edition,80,30.11.2019,25156,232.0,3.0,Electricity,Winter tires,1,0,1,Normal,17.08,1,0,,2.0799999999999983,
Nissan,Leaf,2017,Black Edition,80,27.11.2019,24922,132.0,23.9,Electricity,Winter tires,1,0,1,Normal,15.2,1,0,,0.1999999999999993,
Nissan,Leaf,2017,Black Edition,80,25.11.2019,24790,73.0,26.39,Electricity,Winter tires,1,0,1,Normal,16.6,1,0,,1.6000000000000014,
Nissan,Leaf,2017,Black Edition,80,25.11.2019,24717,1.0,16.2,Electricity,Winter tires,1,0,1,Normal,18.35,1,0,,3.3500000000000014,
Nissan,Leaf,2017,Black Edition,80,25.11.2019,24717,122.0,1.2,Electricity,Winter tires,1,0,1,Normal,16.5,1,0,,1.5,
Nissan,Leaf,2017,Black Edition,80,25.11.2019,24594,54.0,14.0,Electricity,Summer tires,1,0,1,Normal,18.35,1,0,,3.3500000000000014,
Nissan,Leaf,2017,Black Edition,80,24.11.2019,24500,90.0,10.0,Electricity,Summer tires,1,0,1,Normal,18.35,1,0,,3.3500000000000014,km stand geschätzt. ..17 min am ChaDemo Schnell ladder.
Nissan,Leaf,2017,Black Edition,80,24.11.2019,24410,83.0,8.18,Electricity,Summer tires,1,0,1,Normal,18.35,1,0,,3.3500000000000014,
Nissan,Leaf,2017,Black Edition,80,24.11.2019,24327,11.0,12.42,Electricity,Summer tires,1,0,1,Normal,18.35,1,0,,3.3500000000000014,
Nissan,Leaf,2017,Black Edition,80,23.11.2019,24316,73.0,9.94,Electricity,Summer tires,1,0,1,Normal,18.35,1,0,,3.3500000000000014,
Nissan,Leaf,2017,Black Edition,80,22.11.2019,24243,81.0,16.58,Electricity,Summer tires,1,0,1,Normal,18.35,1,0,,3.3500000000000014,
Nissan,Leaf,2017,Black Edition,80,20.11.2019,24162,9.0,11.93,Electricity,Summer tires,1,0,1,Normal,18.35,1,0,,3.3500000000000014,
Nissan,Leaf,2017,Black Edition,80,20.11.2019,24153,121.0,7.45,Electricity,Summer tires,1,0,1,Normal,18.35,1,0,,3.3500000000000014,
Nissan,Leaf,2017,Black Edition,80,18.11.2019,24032,112.0,13.48,Electricity,Summer tires,1,0,1,Normal,18.35,1,0,,3.3500000000000014,
Nissan,Leaf,2017,Black Edition,80,18.11.2019,23920,93.0,25.03,Electricity,Summer tires,1,0,1,Normal,17.1,1,0,,2.1000000000000014,
Nissan,Leaf,2017,Black Edition,80,17.11.2019,23827,13.0,6.81,Electricity,Summer tires,1,0,1,Normal,23.21,1,0,,8.21,
Nissan,Leaf,2017,Black Edition,80,16.11.2019,23814,58.0,14.59,Electricity,Summer tires,1,0,1,Normal,23.21,1,0,,8.21,
Nissan,Leaf,2017,Black Edition,80,16.11.2019,23756,105.0,16.0,Electricity,Summer tires,1,0,1,Normal,23.21,1,0,,8.21,chademo 50 kwQ
Nissan,Leaf,2017,Black Edition,80,16.11.2019,23651,11.0,23.95,Electricity,Summer tires,1,0,1,Normal,15.2,1,0,,0.1999999999999993,
Nissan,Leaf,2017,Black Edition,80,15.11.2019,23640,86.0,0.7,Electricity,Summer tires,1,0,1,Normal,27.19,1,0,,12.190000000000001,
Nissan,Leaf,2017,Black Edition,80,15.11.2019,23554,62.0,13.59,Electricity,Summer tires,1,0,1,Normal,27.19,1,0,,12.190000000000001,
Nissan,Leaf,2017,Black Edition,80,13.11.2019,23492,7.0,17.4,Electricity,Summer tires,1,0,1,Normal,27.19,1,0,,12.190000000000001,
Nissan,Leaf,2017,Black Edition,80,13.11.2019,23485,53.0,3.9,Electricity,Summer tires,1,0,1,Normal,27.19,1,0,,12.190000000000001,
Nissan,Leaf,2017,Black Edition,80,12.11.2019,23432,119.0,11.09,Electricity,Summer tires,1,0,1,Normal,13.38,1,0,,-1.6199999999999992,
Nissan,Leaf,2017,Black Edition,80,09.11.2019,23313,17.0,19.93,Electricity,Summer tires,1,0,1,Normal,13.38,1,0,,-1.6199999999999992,
Nissan,Leaf,2017,Black Edition,80,08.11.2019,23296,23.0,5.38,Electricity,Summer tires,1,0,1,Normal,13.38,1,0,,-1.6199999999999992,
Nissan,Leaf,2017,Black Edition,80,08.11.2019,23273,51.0,2.2,Electricity,Summer tires,1,0,1,Normal,13.38,1,0,,-1.6199999999999992,
Nissan,Leaf,2017,Black Edition,80,07.11.2019,23222,106.0,14.93,Electricity,Summer tires,1,0,1,Normal,13.38,1,0,,-1.6199999999999992,
Nissan,Leaf,2017,Black Edition,80,05.11.2019,23116,2.0,4.5,Electricity,Summer tires,1,0,1,Normal,13.38,1,0,,-1.6199999999999992,
Nissan,Leaf,2017,Black Edition,80,05.11.2019,23114,9.0,1.0,Electricity,Summer tires,1,0,1,Normal,13.38,1,0,,-1.6199999999999992,
Nissan,Leaf,2017,Black Edition,80,05.11.2019,23105,26.0,15.5,Electricity,Summer tires,1,0,1,Normal,13.38,1,0,,-1.6199999999999992,
Nissan,Leaf,2017,Black Edition,80,05.11.2019,23079,111.0,1.5,Electricity,Summer tires,1,0,1,Normal,13.38,1,0,,-1.6199999999999992,
Nissan,Leaf,2017,Black Edition,80,02.11.2019,22968,41.0,9.93,Electricity,Summer tires,1,0,1,Normal,13.38,1,0,,-1.6199999999999992,
Nissan,Leaf,2017,Black Edition,80,02.11.2019,,0.0,0.36,Electricity,Summer tires,1,0,1,Normal,13.38,1,0,,-1.6199999999999992,
Nissan,Leaf,2017,Black Edition,80,01.11.2019,22927,26.0,13.09,Electricity,Summer tires,1,0,1,Normal,13.38,1,0,,-1.6199999999999992,
Nissan,Leaf,2017,Black Edition,80,31.10.2019,,50.0,6.88,Electricity,Summer tires,1,0,1,Normal,13.38,1,0,,-1.6199999999999992,
Nissan,Leaf,2017,Black Edition,80,30.10.2019,,50.0,10.34,Electricity,Summer tires,1,0,1,Normal,13.38,1,0,,-1.6199999999999992,
Nissan,Leaf,2017,Black Edition,80,29.10.2019,,50.0,10.91,Electricity,Summer tires,1,0,1,Normal,13.38,1,0,,-1.6199999999999992,
Nissan,Leaf,2017,Black Edition,80,27.10.2019,22651,125.0,17.66,Electricity,Summer tires,1,0,1,Normal,13.38,1,0,,-1.6199999999999992,
Nissan,Leaf,2017,Black Edition,80,26.10.2019,22526,62.0,15.14,Electricity,Summer tires,1,0,1,Normal,13.6,1,0,,-1.4000000000000004,
Nissan,Leaf,2017,Black Edition,80,26.10.2019,22464,99.0,2.32,Electricity,Summer tires,1,0,1,Normal,13.38,1,0,,-1.6199999999999992,
Nissan,Leaf,2017,Black Edition,80,25.10.2019,22464,98.0,10.33,Electricity,Summer tires,1,0,1,Normal,13.38,1,0,,-1.6199999999999992,
Nissan,Leaf,2017,Black Edition,80,25.10.2019,,1.0,0.52,Electricity,Summer tires,1,0,1,Normal,13.38,1,0,,-1.6199999999999992,
Nissan,Leaf,2017,Black Edition,80,23.10.2019,22365,340.0,20.59,Electricity,Summer tires,1,0,1,Normal,13.38,1,0,,-1.6199999999999992,
Nissan,Leaf,2017,Black Edition,80,22.10.2019,,1.0,7.72,Electricity,Summer tires,1,0,1,Normal,13.38,1,0,,-1.6199999999999992,
Nissan,Leaf,2017,Black Edition,80,21.10.2019,,1.0,2.92,Electricity,Summer tires,1,0,1,Normal,13.38,1,0,,-1.6199999999999992,
Nissan,Leaf,2017,Black Edition,80,18.10.2019,22023,40.0,22.5,Electricity,Summer tires,1,0,1,Normal,13.38,1,0,,-1.6199999999999992,
Nissan,Leaf,2017,Black Edition,80,18.10.2019,21983,96.0,2.64,Electricity,Summer tires,1,0,1,Normal,13.38,1,0,,-1.6199999999999992,
Nissan,Leaf,2017,Black Edition,80,18.10.2019,21887,291.0,13.57,Electricity,Summer tires,1,0,1,Normal,13.38,1,0,,-1.6199999999999992,
Nissan,Leaf,2017,Black Edition,80,10.10.2019,21596,73.0,8.1,Electricity,Summer tires,1,0,1,Normal,13.38,0,0,,-1.6199999999999992,
Nissan,Leaf,2017,Black Edition,80,10.10.2019,21523,138.0,17.34,Electricity,Summer tires,1,0,1,Normal,13.38,0,0,,-1.6199999999999992,
Nissan,Leaf,2017,Black Edition,80,07.10.2019,21385,105.0,25.63,Electricity,Summer tires,1,0,1,Normal,18.0,0,0,,3.0,
Nissan,Leaf,2017,Black Edition,80,05.10.2019,21280,54.0,24.32,Electricity,Summer tires,1,0,1,Normal,14.0,0,0,,-1.0,
Nissan,Leaf,2017,Black Edition,80,03.10.2019,21746,641.0,25.96,Electricity,Summer tires,1,0,1,Normal,14.0,0,1,,-1.0,
Nissan,Leaf,2017,Black Edition,80,02.10.2019,21105,1.0,5.36,Electricity,Summer tires,1,0,1,Normal,6.81,0,0,,-8.190000000000001,
Nissan,Leaf,2017,Black Edition,80,02.10.2019,21104,247.0,6.68,Electricity,Summer tires,1,0,1,Normal,6.81,0,0,,-8.190000000000001,
Nissan,Leaf,2017,Black Edition,80,27.09.2019,20857,323.0,22.51,Electricity,Summer tires,1,0,1,Normal,12.7,0,0,,-2.3000000000000007,
Nissan,Leaf,2017,Black Edition,80,21.09.2019,20534,114.0,9.62,Electricity,Summer tires,1,0,1,Normal,15.9,0,0,,0.9000000000000004,Vormittag
Nissan,Leaf,2017,Black Edition,80,20.09.2019,20420,35.0,14.59,Electricity,Summer tires,1,0,1,Normal,15.51,0,0,,0.5099999999999998,Morgends
Nissan,Leaf,2017,Black Edition,80,27.07.2019,17545,500.0,7.13,Electricity,Summer tires,0,1,0,Normal,14.65,0,0,,-0.34999999999999964,
Nissan,Leaf,2017,Black Edition,80,14.07.2019,17045,224.0,15.0,Electricity,Summer tires,0,1,0,Normal,14.65,0,0,,-0.34999999999999964,
Nissan,Leaf,2017,Black Edition,80,11.07.2019,16821,148.0,16.0,Electricity,Summer tires,0,1,0,Normal,14.65,0,0,,-0.34999999999999964,
Nissan,Leaf,2017,Black Edition,80,11.07.2019,16671,37.0,5.12,Electricity,Summer tires,0,1,0,Normal,14.4,0,0,,-0.5999999999999996,
Nissan,Leaf,2017,Black Edition,80,10.07.2019,16634,671.0,10.91,Electricity,Summer tires,0,0,1,Normal,13.4,1,0,,-1.5999999999999996,
Nissan,Leaf,2017,Black Edition,80,28.05.2019,14857,524.0,15.42,Electricity,Summer tires,0,0,1,Normal,13.6,0,0,,-1.4000000000000004,
Nissan,Leaf,2017,Black Edition,80,17.05.2019,15404,71.0,0.83,Electricity,Summer tires,0,0,1,Normal,12.6,0,0,,-2.4000000000000004,
Nissan,Leaf,2017,Black Edition,80,13.05.2019,14169,48.0,8.19,Electricity,Winter tires,0,0,1,Normal,14.1,0,0,,-0.9000000000000004,
Nissan,Leaf,2017,Black Edition,80,11.05.2019,14121,294.0,14.6,Electricity,Winter tires,0,0,1,Normal,7.84,0,0,,-7.16,
Nissan,Leaf,2017,Black Edition,80,05.05.2019,13827,117.0,19.59,Electricity,Winter tires,0,0,1,Normal,16.74,0,0,,1.7399999999999984,
Nissan,Leaf,2017,Black Edition,80,04.05.2019,13710,276.0,23.37,Electricity,Winter tires,0,1,1,Normal,16.58,0,0,,1.5799999999999983,
Nissan,Leaf,2017,Black Edition,80,28.04.2019,13434,117.0,14.74,Electricity,Winter tires,0,1,1,Normal,16.58,0,0,,1.5799999999999983,22:32
Nissan,Leaf,2017,Black Edition,80,28.04.2019,13317,63.0,25.1,Electricity,Winter tires,0,1,1,Normal,15.3,0,0,,0.3000000000000007,
Nissan,Leaf,2017,Black Edition,80,27.04.2019,13254,88.0,20.0,Electricity,Winter tires,0,1,1,Normal,16.61,0,0,,1.6099999999999994,Darmstadt Europaplatz
Nissan,Leaf,2017,Black Edition,80,27.04.2019,13166,165.0,20.0,Electricity,Winter tires,0,1,1,Normal,16.61,0,0,,1.6099999999999994,auf dem Rückweg von Tamara abholen 17 Uhr 
Nissan,Leaf,2017,Black Edition,80,27.04.2019,13110,60.0,5.0,Electricity,Winter tires,0,1,1,Normal,16.61,0,0,,1.6099999999999994,auf dem Hinweg Tamara abholen 
Nissan,Leaf,2017,Black Edition,80,27.04.2019,13050,49.0,4.77,Electricity,Winter tires,0,1,1,Normal,16.61,0,0,,1.6099999999999994,13:21
Nissan,Leaf,2017,Black Edition,80,26.04.2019,13001,351.0,25.03,Electricity,Winter tires,0,1,1,Normal,16.61,0,0,,1.6099999999999994,
Nissan,Leaf,2017,Black Edition,80,20.04.2019,12650,264.0,13.96,Electricity,Winter tires,0,1,1,Normal,16.61,0,0,,1.6099999999999994,21:45 
Nissan,Leaf,2017,Black Edition,80,19.04.2019,12386,197.0,10.83,Electricity,Winter tires,0,0,1,Normal,13.3,1,1,,-1.6999999999999993,Zuhause voll geladen 
Nissan,Leaf,2017,Black Edition,80,13.04.2019,12189,306.0,21.52,Electricity,Winter tires,0,0,1,Normal,13.9,1,1,,-1.0999999999999996,
Nissan,Leaf,2017,Black Edition,80,07.04.2019,11883,139.0,19.87,Electricity,Winter tires,0,1,0,Normal,13.1,1,1,,-1.9000000000000004,
Nissan,Leaf,2017,Black Edition,80,06.04.2019,11744,284.0,26.12,Electricity,Winter tires,0,1,0,Normal,15.2,1,1,,0.1999999999999993,
Nissan,Leaf,2017,Black Edition,80,31.03.2019,11460,112.0,14.92,Electricity,Winter tires,0,1,0,Normal,16.0,1,1,,1.0,
Nissan,Leaf,2017,Black Edition,80,29.03.2019,11348,297.0,17.48,Electricity,Winter tires,0,0,1,Normal,16.3,0,0,,1.3000000000000007,
Nissan,Leaf,2017,Black Edition,80,21.03.2019,11051,47.0,4.39,Electricity,Winter tires,0,0,1,Normal,17.6,0,0,,2.6000000000000014,
Nissan,Leaf,2017,Black Edition,80,20.03.2019,11004,123.0,24.72,Electricity,Winter tires,0,0,1,Normal,16.72,0,0,,1.7199999999999989,232 km Reichweite mit noch nicht ganz voll...
Nissan,Leaf,2017,Black Edition,80,20.03.2019,10881,107.0,21.59,Electricity,Winter tires,0,0,1,Normal,15.8,0,0,,0.8000000000000007,
Nissan,Leaf,2017,Black Edition,80,19.03.2019,10850,76.0,0.01,Electricity,Winter tires,0,0,1,Normal,12.05,0,0,,-2.9499999999999993,
Nissan,Leaf,2017,Black Edition,80,16.03.2019,10774,96.0,20.66,Electricity,Winter tires,0,0,1,Normal,17.9,0,0,,2.8999999999999986,
Nissan,Leaf,2017,Black Edition,80,16.03.2019,10678,125.0,26.41,Electricity,Winter tires,0,0,1,Normal,15.2,0,0,,0.1999999999999993,
Nissan,Leaf,2017,Black Edition,80,16.03.2019,10678,125.0,26.41,Electricity,Winter tires,0,0,1,Normal,15.2,0,0,,0.1999999999999993,
Nissan,Leaf,2017,Black Edition,80,14.03.2019,10553,166.0,20.09,Electricity,Winter tires,0,0,1,Normal,17.5,0,0,,2.5,
Nissan,Leaf,2017,Black Edition,80,21.02.2019,9373,747.0,18.77,Electricity,Winter tires,0,0,1,Normal,10.86,0,0,,-4.140000000000001,
Nissan,Leaf,2017,Black Edition,80,10.02.2019,8928,148.0,25.76,Electricity,,0,0,0,,15.5,0,0,,0.5,
Nissan,Leaf,2017,Black Edition,80,07.02.2019,8770,103.0,24.75,Electricity,Winter tires,0,0,1,Normal,17.9,0,1,,2.8999999999999986,
Nissan,Leaf,2017,Black Edition,80,05.02.2019,8667,151.0,25.69,Electricity,Winter tires,0,0,1,Normal,17.8,0,1,,2.8000000000000007,
Nissan,Leaf,2017,Black Edition,80,31.01.2019,8516,416.0,17.2,Electricity,Winter tires,0,0,1,Normal,16.2,0,1,,1.1999999999999993,
Nissan,Leaf,2017,Black Edition,80,27.01.2019,8100,107.0,1.6,Electricity,Winter tires,0,0,1,Normal,,0,1,,,
Nissan,Leaf,2017,Black Edition,80,27.01.2019,7993,660.0,28.65,Electricity,Winter tires,0,0,1,Normal,8.33,0,1,,-6.67,
Nissan,Leaf,2017,Black Edition,80,15.01.2019,7333,162.0,25.36,Electricity,Winter tires,0,0,1,Normal,18.0,0,1,,3.0,
Nissan,Leaf,2017,Black Edition,80,11.01.2019,7171,71.0,15.22,Electricity,Winter tires,0,0,1,Normal,16.9,0,1,,1.8999999999999986,
Nissan,Leaf,2017,Black Edition,80,11.01.2019,,5.0,1.2,Electricity,Winter tires,0,0,1,Normal,23.42,0,1,,8.420000000000002,
Nissan,Leaf,2017,Black Edition,80,10.01.2019,,20.0,6.06,Electricity,Winter tires,0,0,1,Normal,23.42,0,1,,8.420000000000002,
Nissan,Leaf,2017,Black Edition,80,07.01.2019,7075,96.0,27.1,Electricity,Winter tires,0,0,1,Normal,17.8,0,1,,2.8000000000000007,
Nissan,Leaf,2017,Black Edition,80,06.01.2019,6979,76.0,11.79,Electricity,Winter tires,0,0,1,Normal,22.61,0,1,,7.609999999999999,
Nissan,Leaf,2017,Black Edition,80,30.12.2018,6903,228.0,24.64,Electricity,Winter tires,0,0,1,Normal,17.3,0,1,,2.3000000000000007,
Nissan,Leaf,2017,Black Edition,80,23.12.2018,6675,132.0,24.21,Electricity,Winter tires,0,0,1,Normal,18.34,0,1,,3.34,
Nissan,Leaf,2017,Black Edition,80,22.12.2018,6543,11.0,16.5,Electricity,Winter tires,0,0,1,Normal,15.28,0,1,,0.27999999999999936,
Nissan,Leaf,2017,Black Edition,80,21.12.2018,6532,131.0,12.34,Electricity,Winter tires,0,0,1,Normal,15.28,0,1,,0.27999999999999936,
Nissan,Leaf,2017,Black Edition,80,17.12.2018,6401,89.0,7.26,Electricity,Winter tires,0,0,1,Normal,15.28,0,1,,0.27999999999999936,
Nissan,Leaf,2017,Black Edition,80,14.12.2018,6312,70.0,21.86,Electricity,Winter tires,0,0,1,Normal,10.18,0,1,,-4.82,
Nissan,Leaf,2017,Black Edition,80,13.12.2018,6242,144.0,5.15,Electricity,Winter tires,0,0,1,Normal,10.18,0,1,,-4.82,
Nissan,Leaf,2017,Black Edition,80,10.12.2018,6098,262.0,18.07,Electricity,Winter tires,0,0,1,Normal,10.18,0,1,,-4.82,
Nissan,Leaf,2017,Black Edition,80,08.12.2018,5836,192.0,19.91,Electricity,Winter tires,0,0,1,Normal,10.18,0,1,,-4.82,
Nissan,Leaf,2017,Black Edition,80,06.12.2018,5994,158.0,1.94,Electricity,Winter tires,0,0,1,Normal,10.18,0,1,,-4.82,
Nissan,Leaf,2017,Black Edition,80,06.12.2018,5985,149.0,7.18,Electricity,Winter tires,0,0,1,Normal,10.18,0,1,,-4.82,
Nissan,Leaf,2017,Black Edition,80,29.11.2018,5644,202.0,15.72,Electricity,Winter tires,0,0,1,Normal,7.78,0,1,,-7.22,
Nissan,Leaf,2017,Black Edition,80,28.11.2018,5442,695.0,26.61,Electricity,Winter tires,0,0,1,Normal,7.49,0,1,,-7.51,
Nissan,Leaf,2017,Black Edition,80,18.11.2018,4747,164.0,31.48,Electricity,Winter tires,0,0,1,Normal,19.45,0,1,,4.449999999999999,
Nissan,Leaf,2017,Black Edition,80,16.11.2018,4583,60.0,12.02,Electricity,Winter tires,0,0,1,Normal,20.03,0,1,,5.030000000000001,
Nissan,Leaf,2017,Black Edition,80,15.11.2018,4523,263.0,25.51,Electricity,Winter tires,0,0,1,Normal,15.0,0,1,,0.0,
Nissan,Leaf,2017,Black Edition,80,08.11.2018,4260,40.0,26.92,Electricity,Winter tires,0,0,1,Normal,405.08,0,1,,390.08,
Nissan,Leaf,2017,Black Edition,80,22.10.2018,3500,1.0,1.0,Electricity,,0,0,1,,,0,0,,,Fahrzeugübergabe in Zuffenhausen war Voll
